text,label,id,image_path
EU seriously concerned about Trump's Jerusalem decision,1,22326,
" After Iowa, Trump’s Fragile Ego Totally Preparing For Being A Loser Everywhere (VIDEO)",0,23825,
Exclusive: Most Americans support torture against terror suspects - Reuters/Ipsos poll,1,15019,
 Chelsea Clinton Has A Little Advice For Sean Spicer After He Defends Hitler,0,2351,
German coalition talks could stretch into Saturday: conservative leader,1,4998,
"Opposition says 150 civilians killed in Russian, Syrian raids on Idlib",1,10926,
THREATS TO BUSINESS TO REMOVE TRUMP SIGN Prompts Even Better Pro-Trump Display [Video],0,3831,
"In Georgia, a Democrat's 'Make Trump Furious' campaign rattles Republicans",1,15505,
(Don’t Hold The Press) Jeb Bush Endorses Ted Cruz For President,0,17851,
Germany says EU states must implement court ruling on migrants swiftly,1,9854,
LIVE FEED: WATCH IVANKA AND DONALD TRUMP LIVE [VIDEO],0,14539,
"U.S., Vietnam agree to allow Peace Corps into Vietnam for first time",1,8354,
British PM's social mobility board quits over failing the poor,1,20500,
violent escalation at the dapl protests wderrick broze,0,18260,
" A Reporter Asked Paul Ryan If He Still Has Confidence In Trump, He Ran Away (VIDEO)",0,5265,
SHERIFF ARPAIO Bombshell: Obama’s Birth Certificate Is A FAKE…Turning Over Evidence To Feds [VIDEO],0,20580,
" Tea Party Candidate Wants To Be Elected So Bad, He’ll Betray His Own Party Horrifically To Do It",0,10794,
 Republicans Just RUINED Trump’s Plan To Bully The Government Into Funding Border Wall (DETAILS),0,8433,
"Exclusive: Iraq holding 1,400 foreign wives, children of suspected Islamic State fighters",1,10205,
U.S. Senate Republicans unveil 'skinny' Obamacare repeal bill,1,19091,
SHOCKING VERDICT: Kate Steinle Murdered By Illegal Alien Who Walks Free [Video],0,11208,
"Hiscox sees higher U.S. property insurance rates after Harvey, Irma",1,5912,
Trump unlikely to pick Cohn for Fed as he is crucial to tax reform drive: official,1,12636,
"Germany takes political vacuum in its stride, for now",1,22645,
U.S. ends temporary protected status for Sudanese but extends it for South Sudanese,1,818,
“You’re Not Welcome!” Obama As Welcome At Roseberg Funerals As Westboro Baptist Church Members [Videos],0,1394,
White House debt path view tied to optimistic growth forecast,1,5465,
 Even White Nationalists Are Turning On Trump; One Nominee Is Giving Them Hope,0,217,
 Trump’s New Manager Admits The ‘Muslim Ban’ Idea Was To Reel In The Whackos,0,294,
saudi arabia warns trump on blocking oil imports ft,0,15763,
SEE YA MITT! TRUMP Reportedly Chooses Exxon Mobil CEO Rex Tillerson For Sec Of State,0,15069,
SEWER WORKER DIES After Muslim Doctors REFUSE To Help Him,0,7018,
 Mississippi Governor Whines About Imaginary Persecution Of Christians In Defense Of Anti-LGBT Law (AUDIO),0,13747,
DEMOCRAT DERSHOWITZ Slaps Down Feinstein’s Effort to Say Trump Guilty of Obstruction: ‘She doesn’t know what she’s talking about’ [Video],0,878,
EU leaders to give mandate for next phase of Brexit talks: Lithuanian president,1,9363,
 Happy 2016! Republicans Already Promise To Be F*cking Useless This Year,0,13888,
Former Bush adviser Wolfowitz to vote for Clinton: Spiegel,1,11419,
Cruz chairs contentious U.S. Senate hearing on 'radical Islam',1,62,
Convoy of Civil Guard police leave Barcelona port: Reuters witness,1,15702,
" Still Butthurt About 2011 Event, Trump Refuses Invitation To Correspondents’ Dinner (VIDEO)",0,18149,
 Trump’s $45 Million Loan Is The Latest Way He’s Fleecing His Campaign For Money,0,924,
Soccer star Weah leads most counties in Liberia presidential election vote,1,23869,
 Trump Supporter Blows Up Fox Segment By Attacking Panelist’s ‘Big Boobs’ (VIDEO),0,18877,
 Trump Has Brain Fart In Middle Of Executive Order Signing Leaving Pence To Frantically Cover (VIDEO),0,12851,
India denies visas to U.S. religious freedom body,1,14211,
CHRIS CHRISTIE Gets Frustrated…SNAPS At MSNBC Hack Host Nicolle Wallace: “Do You Work For Mueller Now?” [VIDEO],0,7401,
more footage of operation high jump with hitler,0,1249,
SHOCKING VIDEO: Muslim Child Bride Forced to Wed Man 20 Years Older…You won’t believe what he trades for her! [Video],0,16755,
september new homes sales riseback to  level,0,21145,
Canada works to counter protectionist mood of U.S. campaign,1,7579,
Slain Philippine teenager's family files murder complaint against police,1,15298,
things you need to know about the dakota access pipeline protests,0,13860,
Trading inside the Rohingya camps,1,16881,
"ROSIE O’DONNELL, BROADWAY STARS Host Concert ‘Celebrating’ Hillary But Bash Trump",0,21779,
 WATCH: Rob Reiner Rips Rick Santorum A New One For Defending Mentally Ill Trump,0,5025,
Czech president's spokesman likens EU to Third Reich in outburst over spirit ingredient,1,4207,
France says progress in Brexit talks shows common sense prevailing,1,2760,
Nigeria's Buhari said he would not seek re-election in 2019: minister,1,8712,
"Republicans forge tax deal, final votes seen next week",1,17730,
 What Republicans Are Doing To Stop People From Voting Is As Dirty As It Gets,0,9464,
Sixteen people killed in Russia after train collides with bus,1,570,
LEFTY COMMUNIST Calls Trump-Supporting High School Students ‘White Supremacists’. Hilarity Ensues! [VIDEO],0,24025,
U.S. Senate panel puts self-driving cars in fast lane,1,2343,
"Russian envoy, at heart of U.S. investigations, ends tenure in Washington",1,24221,
"Spain's Rajoy calls for calm, says rule of law will be restored in Catalonia",1,10054,
N.J. favorites to succeed Christie head for November showdown,1,16051,
 ‘Just Stop’: Megyn Kelly Gets Dragged Around The Internet For Saying Putin Is A Swell Guy,0,23412,
"Trump lays out new Iran strategy Friday, complicating European ties",1,1499,
"#BoycottPenzeys: HATEFUL, DIVISIVE Penzeys Spice Co. Owner Threatens Trump Supporters…Brags About Increased Sales Since Calling All Trump Supporters “Racists”",0,19300,
Trump questions lawmakers' efforts to curb asset seizures by police,1,7335,
U.S. calls on China to use 'powerful tool' of oil to sway North Korea,1,19313,
 ‘Millennials Rising’ Republican Super PAC Almost Entirely Funded By One 72-Year-Old White Guy,0,13510,
comment on brilliant takedown of feminism from an old man by how to kill zombie arguments,1,3694,
White House says Obama spoke to Trump by phone on Saturday,1,11028,
"PRO-REPARATIONS CNN “ANALYST”: Washington, Jefferson Statues “Need to Come Down” [Video]",0,14982,
TRUMP BLASTS ‘FAKE’ NEWS: Sets Record Straight On Melania’s Stilettos and ‘Paper Towel Gate’ In Puerto Rico [Video],0,9416,
Brexit drives Belgium to set up English-language commerce court,1,332,
 GOP Senator Incapable Of Answering This Simple Question About Trump’s Border Wall (VIDEO),0,1477,
WOW! Disturbing Reason ONLY 3 Airports Screen Their Employees Every Day Before Work [VIDEO],0,17567,
yikes hillary goes off the railspulls a howard dean video,1,15058,
 WATCH: Trump-Supporting Conservative Writer Says The ‘Race Is Over’ Because Of ‘P*ssy’ Remarks,0,16253,
"
Trump Gets STOMPED For Whining About President Obama Using Air Force One On Campaign Trail
",0,4621,
"Russia to U.S., Trump: Sort out your own pre-election hacking scandal",1,6320,
"Deep in Yemen war, Saudi fight against Iran falters",1,12465,
Obama digs into research on potential Supreme Court picks,1,20456,
Turkey releases French journalist detained on Iraqi border,1,2054,
Democratic senator tussles with U.S. Treasury secretary over communication,1,11699,
Microsoft Pulls New A.I. Robot After It Went on Pro-Hitler Twitter Rant,0,22385,
"IF AMERICA ELECTS HILLARY, She Promises To Reward Voters By Forcing Them To Pay DOUBLE For Soda",0,7016,
Spanish police fire rubber bullets in Barcelona: media,1,6925,
"Trump to speak with Germany's Merkel, Japan's Abe: White House",1,21543,
Former allies of NJ's Christie fail to dismiss Bridgegate indictment,1,11764,
EXPOSED! Plot To Bring In Cheap Foreign Labor Exposed – No U.S. Labor Shortage [Video],0,16032,
GET OUT OF JAIL FREE: How Obama’s Race War Is Quietly Being Funded By Jay Z,0,24295,
Russia expresses deep concern about North Korea nuclear test,1,10907,
"'Green' funds flush with new cash, challenges as Trump era dawns",1,12362,
no title,0,22033,
Iran denies airspace access to Bulgarian PM's plane en route to Riyadh: minister,1,17379,
the color revolution against trump,1,19893,
Factbox: Countries which have expelled North Korean ambassadors after nuclear test,1,11410,
 GOP Election Official Pulls A Gun On An Unarmed Man For Disagreeing With Him While Black (VIDEO),0,7134,
 Donald Trump Gets Brutally Shut Down By Mickey Rourke On An NY Sidewalk (NSFW VIDEO),0,20433,
MELANIA PUNCHES BACK…HARD…After Leftist Publication Admits They Had No Basis For Story Created To Destroy Melania…But Published It Anyway [VIDEO],0,14488,
Mnuchin expects US tax bill to be in congressional committees later this month,1,17614,
"MY POPE JUST INVITED A RADICAL, Pro-Abortion Socialist Named Bernie To The Vatican…Should Conservative Catholics Be Outraged?",0,1435,
 Former Director Of National Intelligence Says Russia Interference Casts Doubt On Trump’s Win,0,3893,
" After Pepsi Botched Its Ad Campaign, Heineken Gets Theirs Exactly Right (VIDEO)",0,9299,
 BUSTED: Trump’s RNC Czar Caught Telling Party Officials That The Donald Is All An Act,0,10843,
TRAITOR: GOP Senator Lindsey Graham TRASHES and THREATENS President Trump…Tells Voters He Won’t Back Down On AMNESTY PUSH,0,4987,
"MALE PAKISTANI IMMIGRANT Dresses As Woman In Burqa…Lures 11 Yr Old Boy From Mosque…Rapes, Strangles Him To Death",0,3262,
DEMOCRATS THREATEN KIDS EDUCATION: CHICAGO TEACHERS UNION DEMANDS RAISES AS Chicago Public Schools Run Out Of Money In One Week,0,10990,
Grenade thrown at French troops in Burkina Faso wounds three before Macron's arrival: report,1,12421,
Philippine ombudsman files criminal case against ex-president Aquino,1,670,
"Trump campaign focused, moving in positive direction: Trump campaign manager",1,3630,
FANTASTIC SPEECH LAST NIGHT! TRUMP’S FULL SPEECH After Big Win! [Video],0,17736,
 The Internet Goes For Newt Gingrich’s Throat Over Old Tweet About Obama Golfing,0,5586,
Storm-battered Antigua asks U.S. to settle 12-year old WTO bill,1,730,
 Chris Cuomo SHREDS Republican For Ignoring This One Really HORRIFYING Factor Of Trumpcare (VIDEO),0,1489,
"BREAKING: DNC STAFFERS May Have Sold Sensitive Info To “Hostile Foreign Governments”…”A Massive, Massive Scandal”",0,21761,
Senate unanimously approves trade secrets bill,1,23443,
Trump does not support Alexander-Murray healthcare bill: White House,1,20032,
"Mattis sees opportunity for talks if North Korea halts missile tests, development",1,16,
State lawmakers override bill veto to ease Chicago pension payments,1,22323,
 BUSTED: Donald Trump Protected Known Cocaine Trafficker (VIDEO),0,20156,
top  toxins that are poisoning your kids,0,3863,
French police find more explosives after raid near Paris,1,2381,
 New Study Shows Why Major Insurers Hate The ACA – It Actually Forces Them To Help Sick People,0,2228,
ANGRY VETERAN Posts Emotional Viral Video Against Flag Burning: “What’s happening is sickening” [Video],0,21772,
Technicolor Thailand is back after a black-clad mourning year for late king,1,778,
LIVE FEED: Boom! Sessions Comes Out Swinging [Video],0,23423,
Democratic VP nominee Kaine expected to release medical records later on Wednesday: ABC,1,19512,
Role of tech who set up Clinton's server unknown to bosses at State,1,12886,
 Homophobes Lose Their Damn Minds After Request To ‘Give Elsa A Girlfriend’ Hits Twitter,0,8782,
 Chris Christie Calls Obama A ‘Petulant Child’ For Executive Orders On Guns (VIDEO),0,18631,
ISLAND FULL OF ESTABLISHMENT MILLIONAIRES Wants To Stop Trump…Will They Succeed?,0,3147,
Trump says he believes Cuba responsible for attacks that hurt U.S. diplomats,1,14585,
"Putin says could meet Trump in Slovenia, but choice not Moscow's alone",1,15081,
Make Hillary Likable Again: Democrats seek to recast Clinton,1,18477,
Ex-Illinois Governor Blagojevich loses bid to cut prison term,1,275,
Dubai frees Briton sentenced for touching another man: advocacy group,1,16089,
Trump says new trade orders set stage for manufacturing revival,1,3942,
 WATCH: Hillary Exposes The GOP’s Abortion Secret In Under 60 Seconds,0,20765,
U.S. appeals court weighs revealing 'Bridgegate' co-conspirators,1,4180,
OBAMA TAKES TWO GAS GUZZLING PLANES For Sightseeing…What Global Warming?,0,950,
Putin says Trump should be respected,1,15164,
 NC Civil Rights Museum Tells ‘Disrespectful’ Trump To Go F*ck Himself,0,6399,
 OOPS: Trump Supporter Argues Hillary Could Rig Election Because Republicans Do It All The Time,0,17934,
Turkey to start first foreign aid distribution in Myanmar,1,15567,
New Batman Comic Features Batman Saving Black Man From Evil Cops,0,858,
 Man Falsely ID’d As Dallas Shooter Says Cops Lied to Him: ‘The System Was Trying To Get Me’ (VIDEO),0,14128,
Trump's stance on Virginia violence shocks America's allies,1,24199,
"LEFTIST MEDIA DESTROYED Mike Flynn, Cracked Jokes After Horrible LIE Obama’s National Security Advisor Told Media, Families Of Benghazi Victims [VIDEO]",0,16544,
TAKE THIS SHORT QUIZ: Which Radical Said It? We Guarantee The Answers Will Surprise You…,0,9739,
State Department misses deadline to manage email records electronically,1,2471,
 Rudy Giuliani: Trump Didn’t Say To Kill Hillary Because People Didn’t Cheer Enough (VIDEO),0,13068,
"DC IMAM: “Zionists Brought Trump, Like Hitler, To Power; We Have To Rescue The Dumb Americans” [VIDEO]",0,3264,
CNN’s Don Lemon Tries to Downplay Horrific ‘Anti-Trump’ Torture of Mentally Disabled Man,0,6554,
"Trump, in Oval Office, signs first order on Obamacare",1,20543,
 White Supremacist GOP Congressman Says Colleagues Are ‘Patting Him On The Back’ For Racist Tweets,0,14967,
Biden tops Clinton list for U.S. secretary of state: reports,1,22599,
"TRUMP LETS LOOSE ON CROOKED HILLARY: “FBI Is ReOpening Case Into Her Criminal And Illegal Conduct That Threatens The Security Of The United States Of America”…NH Crowd Erupts, “LOCK HER UP” [VIDEO]",0,4625,
 Trump’s Latino Adviser Severs Ties With The Campaign After Embarrassing Mexico Trip,0,21185,
 Baseball Players Who Called Obama ‘F*cking Watermelon Eatin Baboon’ Won’t Be Punished (IMAGES/VIDEO),0,8274,
China sees THAAD deployment as 'weather vane' under Trump,1,5627,
Colombia's ELN rebel commander orders ceasefire beginning Sunday,1,22153,
Highlights: The Trump presidency on March 5 at 7:35 p.m. EST,1,17168,
Romanian defense minister quits over communications mixup,1,12800,
Iraq dismisses U.S. call for Iranian-backed militias to 'go home',1,6155,
SHRILLARY GIVES BITTER CONCESSION SPEECH In New Hampshire,0,14058,
FBI detects breaches against two state voter systems,1,24037,
South Sudan says president not connected to sanctioned businessman,1,23312,
WHY CHRISTIANS ARE ASKING THEIR FELLOW CHRISTIANS TO WEAR ORANGE TO CHURCH #orangejumpsuit,0,17311,
Reuters surveys UK financial services jobs post-Brexit,1,1528,
Iraqi forces recapture last Islamic State-held town,1,20967,
WHAT? OUR CIA DIRECTOR Just Admitted To An “Indiscretion” That’s Mind Boggling…How Did This Guy Become CIA Director?,0,24346,
Rohingya row to Bangladesh as Myanmar's Suu Kyi runs summit gauntlet,1,17314,
 Trump Just Sunk Himself In Pennsylvania With This Gaffe About A Child Sex Scandal,0,19152,
the sad saga of john walker lindh rebel without a clue,1,7683,
 WATCH: The View Blasts Fox News For Not Covering Racism Fairly,0,8123,
"U.S., China discuss 'mutually beneficial' economic relationship",1,18025,
The new risk for Europe: an inward-looking Germany,1,2800,
‘Trumping’ America’s Liberal Elite: The Failure of Political Correctness,0,3508,
"Senators push protections for opioid-dependent parents, infants",1,15138,
Cuts to homeowner tax breaks could cost Republicans in 2018 races,1,5397,
4TH OF JULY HUMOR: Brutal Cartoon Shows Difference Between Liberals And Proud Americans,0,2714,
 Trump: Giving Me This Purple Heart Is ‘Much Easier’ Than Earning It Myself (VIDEO),0,13370,
"ICRC, jurists join rebuke of Trump torture remarks, 'black site' reports",1,18536,
Trump signals willingness to raise U.S. minimum wage,1,13796,
EU withdrawal bill vital to ensuring orderly Brexit: minister,1,21742,
Norway's Liberal Party seeks to join government,1,18015,
" Senate Democrats Just Made HUGE, In-Your-Face Move On Russian Hacking Scandal",0,6458,
" Ivanka Trump Tweets About Dead Syrian Children, And Twitter Has The PERFECT Response (TWEETS)",0,22931,
South Africa's Zuma asks court to reject call for inquiry into influence-peddling,1,1212,
CALIFORNIA PROTESTS HEAT UP: Students Walk Out Of Class Claim “Trump Isn’t Our President”,0,11425,
MEDIA IGNORES! Huge List of Attacks on Conservatives is Shocking,0,20445,
JUST RELEASED: Horrifying Cell Phone VIDEO From Inside Lavoy Finicum’s Vehicle Shows What REALLY Happened,0,7150,
Brexit campaigner Farage says to address Trump rally,1,10455,
 A Picture Is Emerging: Everyone Who Has Ever Known Ted Cruz Grew To Hate His Guts,0,6611,
SUNDAY SCREENING: Counter Intelligence – ‘The Strategy of Tension’,0,24206,
Trump says he's likely to sign healthcare order this week,1,15392,
"Ohio mayor pleads guilty to corruption charges, remains in office",1,21513,
UNREAL! CNN PANEL Laughs And Mocks Dr. Ben Carson Over Trump Nomination [Video],0,15981,
 Anti-Vaxxer Parents Let Toddler Die Of Meningitis After Maple Syrup Fails To Cure Him,0,19523,
 Obama’s Head Of Disaster Relief TRASHES Trump’s Response To Puerto Rico (TWEET),0,19872,
PRO-ABORTION BOOK FOR CHILDREN: My “Sister Is a Happy Ghost!”,0,21312,
 Thin-Skinned Trump Whines About Election Results AGAIN And Gets His A** Handed To Him,0,20782,
Senate's McConnell says Obamacare repeal high on agenda,1,17234,
Factbox: Xi allies dominate China's new 25-member Politburo,1,23852,
Education sought by EU to help build European identity,1,23903,
TINGLE UP HIS LEG? NBC Paid Off Chris Matthews Staffer After Sexual Harassment Claim,0,2439,
Senate blocks bill that would override state GMO labeling laws,1,22927,
TRUMP AIDE GORKA Calls Out Chris Cuomo for “Classic Fake News” [Video],0,2207,
MSNBC REPORTER SHOCKED After Leftists Call For His Firing For Pointing Out Trump’s Genuine Compassion For TX Flood Victims: “Grandpa who the public never sees”,0,11502,
"PROMINENT DEMOCRAT CLAIMS Old, White, Leftist Males Are Waiting In The Wings For Hillary To Fall",0,15181,
re wheres there a crash world economy collapsing  headlines october,0,7914,
EU calls report on May-Juncker talks a smear,1,1010,
A picture and its story: tear gas in Nairobi,1,6956,
 Donald Trump Has A Much Bigger Problem With Speaking Fees Than Clinton Ever Did,0,2383,
 Oregon Passes Highest Minimum Wage In The Nation Despite GOP Temper Tantrum,0,17010,
Foreign tourist numbers up 23 percent in Tunisia in 2017,1,6426,
" In The Wake Of Las Vegas, The GOP Are Finally Beginning To Support Gun Control",0,18515,
 Rachel Maddow’s Brilliant Breakdown Of The Coming Battle Over Scalia’s Seat Is Terrifying (VIDEO),0,11857,
" Cops Take Care Of ‘Chronic Problem’–Kill Unarmed, Disabled Black Man (VIDEO)",0,13196,
"Hurricane Irma kills 10 in Cuba, Castro calls for unity",1,22608,
no title,1,18862,
What's a 'dotard' anyway? Kim's insult to Trump,1,12150,
WOW! DOCUMENT Shows Teachers How To Teach History After Trump Election…”And Not Get Fired”,0,10566,
 Trump And Carson Dancing While Being Serenaded Is Easily The Most Awkward Thing EVER (VIDEO),0,6570,
the character assassination of baseball legend ty cobb,1,8064,
Trump Is Talking To FOX News About Appearing On Unnamed Show Tonight,0,3663,
"U.S. high court pick Gorsuch seen as genial, firmly conservative",1,9138,
"TEXAS CHURCH SHOOTER: Years Before ‘Soft Target’ Attack, Gunman Tried to Carry Out Death Threats on CIA Linked Air Force Base",0,643,
wife of fbi official investigating hillary got k from hillary allied pac,1,19471,
"Fair elections in Poland at risk from ruling party bill, opposition says",1,905,
Trump promised to repeal Obamacare. Now what?,1,9154,
DNC PAY TO PLAY LIST REVEALED: Federal Positions Awarded To Donors Including Commie Jeh Johnson,0,216,
"Booed in Berlin for praising father, Ivanka Trump says fine-tuning role",1,6456,
isis uses an industrial dough kneader to kill  children roasts adults in a bakery oven in douma syria,0,8232,
Republican Senator Collins likely 'yes' vote to advance tax reform,1,4401,
BREAKING WIKILEAKS: Hillary Email Exposes Her Hate For The “Everyday Americans” She Built Her Entire Campaign Around [Video],0,5337,
 Trump’s DEPLORABLE Fans Cheer As He Almost Calls For Hillary’s Assassination,0,23894,
Funeral of slain Malta blogger hears warning to her killers,1,3497,
 OK Cop Shoots Family Dog During Child’s Birthday Party (VIDEO),0,7787,
ufo over the east valley here in az last night,0,4242,
Peru's prime minister skeptical about bill to expand anti-graft rules,1,15798,
 A Bunch Of Dumb White Racists Will Picket NFL Offices Because Beyonce Gave Them Butthurt (IMAGES),0,315,
no title,0,14699,
Trump mulling lifting status of Cyber Command: sources,1,184,
RINO MITCH McCONNELL Praises Hillary Day After Benghazi Hearing…Says He Could Work With Her As President,0,16548,
"Pope, in change from predecessors, condemns nuclear arsenals for deterrence",1,12841,
Factbox: What to watch for at China's Communist Party Congress,1,17651,
 FBI Clears Michael Flynn Of Wrongdoing As Trump Lets Comey Keep His Job,0,11617,
Germany's Schaeuble warns Trump over protectionism: WSJ,1,15166,
Watch Judge Jeanine Offer The DEFINITIVE Criminal & Political Case Against Hillary Clinton,0,23410,
Contested convention chances down after Trump takes NY: PredictIt,1,19757,
Iran calls Houthi missile attack targeting Riyadh 'reaction' to Saudi aggression,1,23043,
Trump Thanks Putin for Slashing US Embassy Staff: ‘It Cut Our Payroll’,0,4412,
 How John Oliver And A Cat Created An International Incident (VIDEO),0,2660,
Former President Carter hospitalized over dehydration in Canada,1,6501,
Detained Ethiopian opposition chief bailed two years after protests: party,1,6752,
newsticker,0,9563,
"Trump says didn't tell Flynn to discuss sanctions with Russia, but would have",1,14602,
REP PETER KING: “Intel Community Carrying Out Disinformation Campaign Against Trump ” [VIDEO],0,21115,
irans carpet exports to us at mn,1,4670,
Fatal crash closes Swiss Gotthard road tunnel for hours,1,5464,
Comey says Trump fired him to undermine FBI Russia investigation,1,12640,
WATCH: FOX and FRIENDS Host BRIAN KILMEADE Immediately Makes WHOOPI Regret Telling Him To “Read A Book”,0,12359,
 WATCH: Patrick Stewart Is Doing Something AWESOME So He Can Fight Back Against Donald Trump,0,11313,
WEST VIRGINIA COAL MINERS Send A Clear Message To Hillary Clinton After She “Stabs Them in The Back” [Video],0,16967,
"EU's Tusk: Africa, EU must cooperate to end 'horrifying' migrant abuses",1,6394,
U.S. lawmakers chastise officials at all levels over Flint crisis,1,24217,
Alabama governor could face charges after ethics panel ruling,1,9409,
Refugee Living In England Arrested For Threatening To “Cut Out His Wife’s Heart” Because She Was Becoming “Too English”,0,10432,
One French soldier killed in Iraq-Syria area: French Presidency,1,22431,
India probes if shortage of oxygen supplies killed 30 infants,1,22468,
"Bernie Sanders action toy slouches, points and raises lots of cash ",1,3675,
breaking fbi reopens investigation into clinton emails,0,4777,
BREAKING! INVESTIGATION: Hillary Clinton Did NOT Comply With Records Rules,0,4067,
Your gilded chariot awaits: Brunei sultan celebrates 50 years in power,1,20390,
"WHERE WAS MEDIA OUTRAGE After This WOMAN DELIBERATELY Plowed Car Into Las Vegas Crowd…Killing One, Injuring 35 Others? [VIDEO]",0,23156,
Germany detains six Syrian suspected of planning attack,1,14715,
Russia's Putin says hard to hold dialogue with U.S. administration,1,2186,
 Watch Dan Savage Destroy Ann Coulter For Her ‘Bullsh*t’ Obsession With Trump (VIDEO),0,16696,
"Trump says Obama 'colluded' on Russia, without giving evidence",1,1759,
youtube bans clintons black son,1,21048,
 WATCH: Bill O’Reilly Just Got Caught Lying About Defending Roger Ailes From Sexual Harassment Lawsuit,0,12123,
 Ted Cruz Continues To Market In Totally Full Of Sh*t Myths About The So-Called Liberal Media (VIDEO),0,8098,
India files sex assault case against airline passenger for allegedly molesting Bollywood actress,1,8556,
 WATCH: Joy Reid SKEWERS Trump For Whining About Jay-Z’s Language At Hillary Rally,0,6583,
 Here’s The Excuse Trump Made For Losing Iowa – Says Running No Longer ‘Worth It’ (IMAGES),0,20113,
"UK's May sets out rules for her party on harassment, bullying",1,14142,
Warehouse fire sends huge clouds of smoke across London skyline,1,9539,
"Tillerson urges Iraq, Kurds to resolve conflict through dialogue",1,13516,
Row over Pakistani paramilitary unit fuels political confusion,1,11108,
WHY FORD’S DARK SECRET May Come Back To Haunt Them Over Owner’s Support of NFL Protests,0,4787,
Boiler Room EP #86 – Kek Comes To Pizzatown,0,14028,
HOW PAUL RYAN JUST Made A Mockery Of Trump’s Promise To Protect Blue-Collar Jobs From Foreign Workers,0,6329,
Philippine Congress backs body cameras for police in bloody war on drugs,1,11868,
Elections get dirty as adult filmmakers set up political action committee,1,12007,
BOOM! FBI DIRECTOR CALLS HILLARY Out After She LIES About Gravity Of Investigation,0,2148,
BREAKING: CONDI RICE Meets With Mike Pence In Trump’s D.C. Transition Office,0,6882,
So Much For Brussels Terror Victims…Let’s Play Ball!,0,10329,
"Trump gains on Clinton despite furor over women, election comments",1,19735,
Jets strike U.S.-backed forces in eastern Syria,1,7781,
Lest We Forget: ‘Independent’ Mueller is Part of Establishment That Helped Sell Iraq War,0,18903,
Top Democrat slams Obama administration's response to Russian hacks,1,7235,
Senator talks all night as Democrats fight Trump court nominee,1,2820,
"Attacking Trump, Democrat Kaine makes campaign-trail debut",1,22616,
FEDERAL PROSECUTOR Working On Plea Deal For ISIS Supporter Who Wanted To Bomb LA Subway System And Daughter’s Day Care Center,0,15671,
BLACK STUDENT With Hot Glue Gun Causes Elite LIBERAL COLLEGE To Lock-Down Campus,0,231,
Biden rues 'damaging' tone against Mexico in U.S. presidential race,1,19087,
West Africa population planners battle to woo Muslim hearts,1,23803,
Spanish PM seeks safety in numbers before playing Catalonia trump card,1,4176,
HANNITY AND TUCKER CARLSON: THE 5 MAJOR FORCES Aligned To Take Down President Trump [Video],0,10413,
democrats may get a  for  special as trump defeat could take out paul ryan,1,20100,
 Donald Trump Conveniently Forgets First Half Of Second Amendment (TWEET),0,469,
'We're not electing a husband:' Tough-talking Trump wins over some skeptical women,1,209,
White House says existing sanctions against Russia are effective,1,21607,
Turkey orders detention of 100 former police officers in post-coup probe: Anadolu,1,7203,
Clinton aides sought to minimize fallout with White House on Keystone: emails,1,19153,
 One Group Of GOP Voters May Vote Blue For The First Time In 60 Years Because Of Trump,0,3234,
Kenyan police fire tear gas at pro-opposition youths in Kisumu,1,14443,
 WATCH: Louisiana GOP Rep SLAMS Her Sexist Male Colleagues On The Statehouse Floor,0,4805,
 Racist Charleston Church Shooter Seems To Think He Is Entitled To A Literal White Supremacist As His Public Defender,0,21259,
 Watch Michelle Obama And Conan O’Brien Entertain U.S. Troops In Qatar (VIDEO),0,14003,
 Trump BUSTED Giving The Middle Finger To Italy’s Prime Minister (VIDEO),0,3515,
Boy Scouts of America apologizes for Trump's 'political rhetoric',1,17649,
 Betsy DeVos TOTALLY HUMILIATED During Keynote Speech At Historically Black University,0,6194,
Factbox: Turkey's collapsing EU membership bid,1,16590,
 Carly Fiorina: Ted Cruz’s Chances Of Winning Are As Real As Those Planned Parenthood Videos,0,11300,
Swedish Mother KICKS Daughter Out Of Her Room To House Refugee…Refugee Promptly Sexually Assaults 10 Year Old Daughter,0,1340,
 McCain CALLS OUT Trump: Show Us The Evidence!,0,5275,
Puerto Rico needs restructuring to avoid cascading defaults: Treasury,1,327,
 Trump Campaign Gives PATHETIC Reason Why George H.W. Bush Is Voting For Hillary (VIDEO),0,20493,
" President Of Planned Parenthood Compared To ISIS, The Mob And Drug Dealers",0,24195,
Peru's president tells Trump he favors bridges to walls,1,16841,
russias most potent weapon hoarding gold,0,17205,
 A Former President Of Mexico Is THANKING Donald Trump For His ‘Racist’ Ideas – Here’s Why (VIDEO),0,4112,
Trump sold all his shares in companies in June: spokesman,1,24074,
Chad rejects U.S. bribery allegations against president,1,14689,
Trump's pick for labor secretary admits to employing illegal immigrant,1,12351,
GREEN PARTY DOLT Struggles To Explain Wisconsin Election Recount [Video],0,15447,
Militants kill U.N. peacekeeper in Central African Republic,1,21276,
New Survey Shows No.1 Fear of US Citizens is Government NOT Terrorism,0,23997,
THE STATE THAT GETS MORE REFUGEES THAN ANY OTHER IN AMERICA MAY SURPRISE YOU,0,12942,
Republicans defend Trump court pick rated 'not qualified',1,20454,
SHOCKER! WAS MUSLIM TERRORIST GAY? Used Gay Dating App…”Frequent Visitor” Of “Pulse” Nightclub…Asked Former Male Classmate Out “Romantically”,0,15405,
Venezuela says U.S. sanctions designed to push Venezuela to default,1,22822,
Trump garners two more endorsements in U.S. Congress,1,17476,
 Republicans Get Skewered On Twitter After Hilarious #GOPMovies Hashtag Goes Viral (TWEETS/VIDEO),0,22783,
"BUSH-HINCKLEY NEXUS: Reagan Gunman Released, Reviving Conspiracy Suspicions",0,22885,
" Just 10 Days Before The Orlando Shooting, Pres. Obama Issued A HUGE Warning",0,22708,
U.S. Homeland Secretary Kelly warns Guatemalans to stay home,1,3428,
Belgian judge defers ruling on warrant for ex-Catalan leader: lawyer,1,7174,
 Report: Corrupt Wall Streeters Are Three Times More Likely To Go Unpunished Under Trump,0,16192,
 Ivanka Trump Gets BURIED By People Calling Her Out For Letting Her Dad Kill Women’s Healthcare,0,12446,
Israel strikes militant targets in Gaza after mortar barrage,1,1197,
Singapore's prime minister to visit White House on Aug. 2,1,14676,
Vaccination begins in Bangladesh camps to head off cholera outbreak,1,549,
Top court exempts church-affiliated hospitals from pension law,1,15443,
 Melania Trump And Heidi Cruz Finally Get Together On ‘Maya & Marty’ – And It’s Hilarious (VIDEO),0,12020,
NEW POLICY: TSA Can Now Force You To Go Through Body Scanners,0,991,
EXPLAINED: The West’s NGO ‘Human Rights’ Scam,0,15934,
 The Numbers Are In: Trump Is The Most Hated Newly Inaugurated President EVER,0,6885,
 WATCH: Bernie Sanders Makes MAJOR Announcement At Rally and Thousands Go Crazy,0,22205,
" Michele Bachmann Goes Full Stupid, Questions If The Poor Should Be Allowed To Vote (SCREENSHOTS)",0,8298,
Egypt to hike Cairo metro fares from next July: state newspaper,1,16373,
 This Cruz Supporter Wins The Award For Craziest GOP Voter Of The Year (VIDEO),0,21708,
Trump team has differences of opinion on shaping spy agencies: sources,1,23018,
GEORGE SOROS BOARD MEMBER Is Chairman Of Firm Running Voting For Utah’s Caucus On Tuesday,0,19245,
U.S. congressman to resign after report alleged he asked woman to have an abortion,1,21712,
Japan to build four radar stations for the Philippines to counter piracy surge: sources,1,3205,
JOE BIDEN Called McCain Urged Him to Vote Against Obamacare Repeal,0,8423,
U.S. special envoy says Kurdish referendum has 'a lot of risks',1,2105,
Republican Carson cuts staff but vows to campaign on,1,15764,
"South Korea expects arms, shale gas on U.S. agenda in trade talks",1,16095,
"SUNDAY SCREENING: Guns, Drugs & the CIA (1988)",0,8192,
White House to keep paying Obamacare subsidies for now: official,1,11602,
U.S. Sen. Warren predicts appeal in legal battle over consumer agency,1,18486,
"India's Modi to meet Obama, address Congress next month",1,23968,
Senate shelves disaster aid bill until next month,1,10452,
news doing its part the nba is housing syrian refugees on whichever half of the court isnt being played on,0,23117,
 This Is Who Will Be Speaking At The RNC – And It’s A Total Joke,0,18039,
Spain gives Catalan leader five days to clarify independence,1,17330,
"No rest, high tempo - energetic Macron keeps Elysee agenda ticking",1,2617,
 Afghanistan War Vet Humiliates Republican Opponent For Calling Him Weak On Terrorism (TWEETS),0,18753,
 The Hilarious Way WH Staff Secretly Signaled They Have No Idea Why Ivanka Is Allowed In Meetings,0,3664,
"North Korea's wounded defector 'nice guy,' likes CSI: surgeon",1,17454,
 It’s Official: #Brexit Has Made The U.K. As Racist As Donald Trump Has Made Us (TWEETS),0,16451,
Saudi-backed military alliance to help G5 Sahel fight: minister,1,8012,
Exclusive: India pares back planned funding for crucial public health scheme,1,1770,
"In volatile Kenya, MP and former senator detained over hate speech allegations",1,7189,
this smart harmless pesticide patent could take down monsanto and change the world,0,9176,
 John McCain’s 2008 Top Campaign Adviser Abandons GOP Over Trump: ‘I’m With Her’ Instead,0,1874,
"THIS IS GREAT! ANTI-HILLARY STREET ART POPS UP EVERYWHERE IN BROOKLYNHillary Clinton’s supporters were calling certain words used to describe her as sexist. Words like entitled, ambitious, and secretive… The area around Hillary’s campaign headquarters was plastered with this:          ",0,4941,
 The Head Of The NRA Just Issued The Dumbest Challenge Ever To President Obama (VIDEO),0,1639,
Gunmen fire shots at Greece's socialist party headquarters,1,16224,
"Senate passes 'provocative' China bill, Cruz lifts nominee holds",1,11711,
 More Than HALF Of Americans Agree Trump Is Going To Be A HORRIBLE Failure As President,0,16992,
 EXPOSED: Trump Staffers Feed Him A Steady Diet Of Fake News (DETAILS),0,23015,
 Bernie Sanders Has Something To Say About Donald Trump And America Needs To Hear It (VIDEO),0,14260,
 A Chick-Fil-A Got Shut Down In NYC Over Flies In Food – Conservatives Claim Religious Persecution,0,7415,
 These Panties Let You Protest Anti-Choice Republicans In The Most HILARIOUS Way (IMAGES),0,3783,
WOW! BENGHAZI VICTIM’S SISTER SPEAKS OUT: Hillary Talked To Families of Benghazi Victims 2 Days After Attack…Asked Them To “Feel Sad” For Muslim Jihadi Attackers [Video],0,12624,
"Trump Isn’t Going to Invade Venezuela, But What US is Planning Could Be Much Worse",0,10988,
New Trump immigration efforts aim to stop child border crossers,1,12662,
Senator Rand Paul returns to work after being tackled while mowing lawn,1,10508,
NATIONAL SECURITY ALERT! Obama Administration Giving Out Green Cards Like Candy To Migrants From Muslim Nations,0,4897,
China lodges protest over Trump call with Taiwan president,1,13462,
Obama's not-so-secret admirer: Donald Trump,1,15286,
 Hot Mic Catches Joe Biden Revealing His After VP Plans; Just As Amazing As We Thought (DETAILS),0,21854,
WINNING! GEORGE SOROS Group Gets Black Eye When Hannity Advertiser Comes Back After Allegedly Pulling Ads Over Seth Rich Story,0,16360,
Republican Senator and Trump critic says will not seek re-election,1,7447,
" GOP Gives Trump The Middle Finger, Prepares To Launch Probe Into Russia",0,11160,
THE WHITE HOUSE RELEASES Portrait Of First Lady Melania Trump…And It’s Spectacular,0,7564,
Putin says Russia will respond in kind if U.S. quits missile treaty,1,15932,
 CEO Of Starbucks Sends Giant F**K YOU To Trump In Groundbreaking Open Letter,0,12654,
CNN’s Don Lemon: Is He an Alcoholic or Just a Drunk?,0,2249,
PRICELESS! SEN CHUCK SCHUMER’S Childish Stunt To Bash Senate Healthcare Bill Backfires [Video],0,10346,
"Ted Cruz jeered for refusing to back Trump, exposing Republican rift",1,11428,
"MUSLIM MEN WIN BIG DISCRIMINATION SUIT Against Employer For Violating Religious Beliefs, While Nuns, Christian Bakers And City Clerks All Lose Cases",0,22274,
WOW! HUNGARY and ISRAEL Just Labeled Hungarian Born-Jew George Soros An ENEMY OF THE STATE…Will The U.S. Follow?,0,5926,
Trump complicates travel ban case by grumbling at Justice Department,1,14110,
HOLLYWOOD RACE WAR HEATS UP: Full Metal Jacket Actor SHUTS DOWN Race-Baiting Hotel Rwanda Star,0,3430,
"Illinois Senate Democrats pass budget plan, hurdles seen in House",1,17546,
Germany to reach out to Trump government to keep good ties: Merkel advisor,1,6142,
Famine survey warns of thousands dying daily in Yemen if ports stay closed,1,18627,
State Department says to complete release of Clinton emails by Monday,1,16265,
Obama says he does not think FBI's Comey is trying to influence election,1,11439,
Peru's Kuczynski says will not resign over Odebrecht scandal,1,21208,
OOPS! STATE DEPT TURNS UP THOUSANDS OF E-MAILS THEY SWORE DIDN’T EXIST,0,15457,
Advocates perplexed by U.S. response to Central American migrants,1,13209,
Trump says China tried but failed to help on North Korea,1,11841,
navy petty officer joins dapl protest with upside down flag  our greatest enemies are right here,0,10033,
Zuma says South Africa's free higher education to be done in a fiscally sustainable manner,1,20078,
"Factbox: Trump on Twitter (July 31) - Obamacare, Insurance companies, Stock market",1,13588,
Britain's Hammond says Brexit deal is a boost to the economy,1,10150,
why obama will win,0,3232,
HOUSE DEMOCRATS DISPLAY THE WRONG FLAG DURING SPEECHES ON HOUSE FLOOR AGAINST THE CONFEDERATE FLAG,0,3888,
South Africa's Zuma seeks to appeal ruling on influence-peddling,1,7636,
" Fox Guest: The GOP Shouldn’t Bother With The ‘Black Vote,’ They’re ‘Slaves’ To The Democrats (VIDEO)",0,9538,
"CBS FIRES TOP LAWYER, Mother of 3, After Her EVIL Facebook Post About #LasVegas Victims Goes VIRAL",0,13242,
Trump Jr. Russia emails prompt new government watchdog complaint,1,18610,
FBI Director Comey’s ‘Leaked’ Memo Explains Why He’s Reopening the Clinton Email Case,0,21762,
Senator seeks ethics probe of Mnuchin's 'Lego Batman' comment,1,18635,
NOT NEWS: 7 DEAD…35 Wounded In Obama’s Hometown In 2 Days…WATCH: BLACK CHICAGO RESIDENTS Blame Barack Obama [VIDEO],0,382,
 Syria Strike Completely Backfires Against Trump; Even His Hard Core Supporters Are DONE,0,4271,
"Opposition challenges Venezuelan socialists' vote win, urges protests",1,12962,
" Trump Administration Tries To Fix His Dumbest Statement Yet, Fails MISERABLY (IMAGE)",0,10871,
Trump has a history of questionable behavior with women: NY Times,1,20196,
" Elizabeth Warren Calls Trump A ‘Two-Bit Dictator,’ Slams His RNC Speech",0,11647,
U.S. Customs give airlines green light to board all visa-holders after Seattle ruling,1,21450,
BOOM! This Is How President Reagan Handled Protesters: “Negotiate? What is there to negotiate?” [Video],0,6286,
Jenner uses women's restroom at Trump property,1,16341,
FBI's Comey meets with top U.S. congressional leaders,1,6671,
Republican Marco Rubio not making a play for 2016 vice presidency,1,18994,
 Trump Set Up An Alien Crime Hotline And It Went Exactly Like You’re Thinking Right Now (TWEETS),0,23292,
U.S. to fight Islamic State in Syria 'as long as they want to fight': Mattis,1,7183,
Russian military chief meets NATO General to soothe war games fears: Ifax,1,11147,
 Senior Intelligence Official Slams Trump To The Ground On Intelligence Briefings,0,18177,
"Trump Bares Himself at UNGA, “In a Kind of Neocon Full Monte”",0,15248,
 The Pope Flat Out Called Fox News Type Journalism ‘Terrorism’,0,8870,
 Whoops: VA Gun Shop Employee Accidentally Shoots Herself,0,9904,
Race for U.S. Senate seat in Indiana shaken up by Hill withdrawal,1,4195,
" Breaking: MAJOR Action Taking Place At Trump Tower As Activists Project Messages, Demonstrate (IMAGES)",0,11443,
 Fired Up Hillary Clinton Tells Dems How To Crush Trump,0,14582,
 WATCH: Donald Trump Suggests President Obama Is Aiding Terrorists,0,16407,
 Bill Maher Hits Dems Who Say They’ll Stay Home If Their Candidate Loses With Brutal Reality (VIDEO),0,6251,
trump supporter attacked by hillary zombies,0,12974,
" The White House Released Trump’s Border Wall Requirements, And They Are Comedy GOLD",0,2872,
 WATCH: Morning Joe Hosts HORRIFIED By Trump Adviser’s Ignorance Of Constitution,0,16887,
HOUSE INTEL Slaps Subpoenas on McCain Institute Associate Involved in “Trump Dirty Dossier” Sources,0,7038,
FAKE NEWS ALERT! CNN Finally Releases ACTUAL Picture Of Trump Inauguration Crowd…And Proof That Crowd Size For Obama’s 2009 Inauguration Was GREATLY Exaggerated,0,17980,
"Republicans, Democrats bicker over infrastructure plans",1,10218,
Official in charge of State Department reorganization steps down,1,19449,
BOOM! MARCO RUBIO Has Best Line Of The Day At Comey Hearings [VIDEO],0,3237,
 Desperate GOP LITERALLY Spreads Trump’s Wiretap Lies To Fleece Their Supporters,0,21405,
associated press reporter admits faking news stories for hillary clinton stunning admission reveals how ap prints whatever the clintons want facts be damned,0,11102,
" Donald Trump Whines, Swears And Talks Cocktail Parties — In A Speech To Children",0,8481,
Trump hovers over tight U.S. House race in Florida,1,20987,
Trump nominates Marvin Goodfriend for Fed governor post,1,16403,
Exclusive: Don't 'leap to conclusions' that Trump to drop 'one China' policy - McCain,1,20145,
"US Coalition Airstrike on Syrian Army in Al-Tanf is Another Calculated War Crime, Aims to Destroy Arab Unity",0,24125,
 Stephen King Makes Trump His Newest Horror Story And His Fans Respond PERFECTLY,0,15097,
Asian nations pulled into China's orbit as Trump puts America first,1,19771,
Mattis welcomes naming of Trump's top security adviser: Pentagon,1,16926,
 Sarah Palin’s #Brexit Response Is As Absolutely Crazy As You Knew It Would Be (IMAGE),0,9257,
 Ruth Bader Ginsburg Makes America A Promise And It Could Help Save Democracy,0,8889,
MUSLIMS ONLY: UK Water Park Attempts Diversity By Hosting Exclusion Events,0,2460,
‘Journalistic Malpractice’: CNN Slammed for ‘Biased’ Coverage in Favour of Hillary,0,22182,
U.S. lawmakers press Heritage Pharma on high prices for antibiotic,1,16023,
"BOILER ROOM – No Surrender, No Retreat, Heads Will Roll  – EP #38",0,7865,
White House to Democratic leaders: 'stop the political grandstanding',1,2506,
Activist: ‘This is where you can make the most impact’,0,9572,
 Blumenthal: It ‘Could Be Perjury’ If Sessions Hid A Third Meeting With The Russians (VIDEO),0,9879,
 WATCH: Keith Olbermann Tells Fools Who Voted For Trump To Wave Goodbye To Their Social Security,0,8949,
Obama says EU and U.S. must move forward with TTIP,1,12263,
BREAKING VIDEO: DHS WHISTLEBLOWER TESTIFIES OF HARASSMENT AND LOSS OF GUN RIGHTS,0,11011,
Transgender military personnel sue Trump over service ban,1,4110,
"STAND UP AND CHEER! UKIP Party Leader SLAMS Germany, France And EU Invasion Of Phony Refugees [VIDEO]",0,17816,
Cuba says U.S. decision to reduce Havana embassy staff is 'hasty',1,15656,
BREAKING: HUGE VICTORY For Free Speech And Unborn Babies Against Planned Parenthood [Video],0,3751,
infamous  minutes piece on soros emerges online,0,7916,
"Republicans unveil tax cut bill, but the hard work awaits",1,13821,
European Parliament urges EU probe of Malta after journalist killed,1,2814,
Factbox: How the U.S. Senate and House tax proposals differ,1,21317,
Justice Department affirms no evidence Obama wiretapped Trump,1,10375,
 Trump Just Closed The Office That Coordinates Russia Sanctions,0,3288,
"Obamacare whiplash leaves states, insurers with dueling price plans",1,21149,
Rights group criticizes China for mass DNA collection in Xinjiang,1,7712,
CLAREMONT COLLEGES “Students Of Color” REFUSE To Live With Whites: “I don’t want to live with any white folks”…”Don’t see how this is racist at all”,0,13957,
RACISM MUCH? Black Cornell Students Protest a Pro-Black Protest Led by White Students,0,18817,
 WATCH: Top Trump Aide Admits He Sees The Presidency As ‘The Ultimate Reality Show’ (VIDEO),0,7938,
Fractured Republicans come together in face of Trump triumph,1,20417,
Russia says still likely to back Paris climate deal despite U.S. withdrawal,1,17815,
"On trip abroad, Trump stays on script, but will it last?",1,3813,
jy crois encore   par alain juppé en train deffectuer une réservation sur lastminutecom  le gorafi,0,6147,
 BREAKING: Under Trump’s Leadership FEMA Could Run Out Of Money By Tomorrow,0,17762,
Czech billionaire' s ANO party leads election - results projection,1,17269,
Turkey's Vakifbank denies involvement in processes mentioned in U.S. lawsuit,1,11382,
Prominent South Carolina congressman to endorse Hillary Clinton: NBC News,1,9881,
 WATCH: A GOP Candidate Just Released This Amazingly Racist Ad,0,1908,
"Northern Ireland must leave EU on same terms as rest of UK, DUP leader Foster says",1,16961,
 Sanders Fans Break Fundraising Site After NH Primary Win (VIDEO/TWEETS),0,17884,
benjamin fulford full update in spanish  english october   video,0,14681,
HILLARY ALINSKY IS NEXT: How POPULIST Movement Is Catching Fire Worldwide…GLOBALIST Movement Is On The Run [VIDEO],0,3413,
OBAMA Made CHRISTIAN Pastor Pay For His Own Ticket Home After Iran Got Secret $1.7 Billion Ransom For His Release,0,19294,
(Video) Staffer Pleading Fifth On Emails ‘Another Blow’ To Hillary,0,20752,
WOW! WASHED UP LIBERAL CHER Uses Tweet About France Terror Attack To Remind Followers She Once Won An Award There,0,3086,
Trump picks opponent of higher minimum wage for Labor Department,1,2541,
"Turkey, Iran and Russia to deploy observers around Syria's Idlib",1,20715,
"Iraq, Syria converge on Islamic State's last strongholds",1,1697,
" California Tells NRA To F*ck Off, Passes Several Gun Reforms",0,2869,
 Americans UNLOAD On Trump For Threatening North Korea And China On Twitter,0,19170,
TRUMP BREAKS TRADITION Started By Bill Clinton…Doesn’t Host White House Ramadan Dinner…Had Other Plans [VIDEO],0,13348,
Peace gives Colombian coffee an extra shot,1,19113,
Trump legal team delays filing leak complaint against Comey,1,15039,
BILL O’REILLY RELEASES Never Before Seen Pictures Of Obama In Muslim Dress…Says They Prove “Deep Emotional Ties To Islam” [VIDEO],0,1512,
COINTEL PRO: Are ‘Anti-Fascist’ Media Personalities Playing to the Cameras?,0,8455,
"Factbox: What's in tax bill from Trump, House Republicans?",1,6336,
 Marco Rubio’s Attempt To Sweet Talk A Gay Voter In A New Hampshire Bar Ends In Tears (IMAGE),0,8651,
U.S. military says no civilians killed in August Somalia raid,1,19515,
U.S. lawsuit seeks disclosure of court orders on decryption,1,2345,
California moves presidential primary for bigger say in candidate choice,1,1092,
"White House wants healthcare vote this summer, tax reform in fall",1,6935,
 Billy Joel Just Publicly Humiliated The Donald–Oblivious Idiot Trump THANKS HIM For It (TWEETS),0,2224,
TRUMP’S CHOICE FOR ATTORNEY GENERAL Doesn’t Come From The Obama School Of Chicago Thug Justice,0,6420,
Thai authorities close in on Yingluck's escape accomplices,1,20748,
"Factbox: Many pieces to tax reform puzzle for Trump, U.S. Congress",1,16075,
U.S. House Speaker: Justice Department must hand over documents on Trump dossier - Reuters interview,1,5287,
 Another Win For The NRA: Court Rules That Cities Can’t Protect Themselves From Gun Violence,0,14373,
 That Time Trump Mocked Marco Rubio For Drinking Water Just Came Back To Haunt Him,0,2877,
DNC CHAIR PEREZ Says Trump ‘Didn’t Win’…Decides To Rewrite Constitution Without Electoral College…,0,6605,
UK lawmakers back EU withdrawal bill at second reading,1,3934,
“DIFFICULT” CHELSEA CLINTON CAUSES HIGH TURNOVER AT CLINTON FOUNDATION,0,22908,
Taking back control: UK's classic blue-and-gold passport to return,1,14800,
Former Iraqi president Talabani buried in Kurdish home region,1,4596,
Vietnam calls on Cambodia to protect immigrants,1,11520,
 WATCH: Six Minutes Of Conservative Media’s Sexist Assault On Hillary Clinton,0,13036,
Trump could pull out of global climate accord in a year: lawyers,1,16501,
WATCH: George Clooney Is A Complete Idiot,0,3242,
"Factbox: Trump on Twitter (December 14) - Stock market, federal regulations",1,5224,
HUMILIATING: Democrats Use RUSSIAN WARSHIPS As Backdrop For Tribute To U.S. VETERANS At DNC,0,10126,
episode   sunday wire ticktock usa with guests dr marcus papadopoulos basil valentine,0,4771,
WOW! SCRUBBED 1998 GEORGE SOROS Video Resurfaces!…Admits He Confiscated Property From Jews In WWII…Hung Out With Hillary In Haiti [VIDEO],0,21997,
Mexico president following California marijuana vote: state lawmaker,1,18624,
Britain has not seen any evidence of successful meddling in elections,1,14547,
 WATCH: Bill Maher’s Hilarious Opening Monologue Will Make Trump Explode With Rage,0,17845,
Trump believes Obama was born in the United States: campaign,1,2839,
Expect more ‘terror busts’ as FBI steps up its use of “ISIS stings”,0,22290,
Australian PM to force lawmakers to declare citizenship to end political crisis,1,22628,
"In Syria, Russia securing position as Assad presses war",1,12320,
Trump campaign chairman helped pro-Russians in Ukraine move money to U.S. firms: AP,1,2887,
Suicide bombers kill 10 in Nigeria's Maiduguri: emergency official,1,16556,
" Texas Moving To Ban Jews, Muslims, and Gays from Adopting",0,14162,
House Speaker Ryan says U.S. sanctions against Russia should stay,1,10462,
 Former Trump Exec Drops Bombshell About Why He Should Never Be President (VIDEO),0,19155,
Obama to hold final press conference on Wednesday: White House,1,7676,
"U.S. senator: Launch probe if inappropriate Trump campaign, Russia contacts",1,20603,
Ohio system of purging inactive voters not legal: court,1,4556,
Russian lawyer who met Trump Jr. says ready to testify to Congress,1,21963,
Trump has 'friendly' call with Mexican leader but he demands change,1,24001,
Turkey wants former police investigator repatriated from U.S.: sources,1,13478,
HOW OBAMA’S BROKEN U.S. Deportation Process and Canada’s Open-Door Immigration Policy Are Responsible For Horrifying Act of Terror By Somali Immigrant ,0,7384,
OBAMA UNLEASHES HUNDREDS Of Intelligence Agents To “Protect Elections” From Outside Forces…Hacker known as “Guccifer 2.0” Warns Of Threat “From INSIDE The System”,0,7421,
communists terrorize small business,0,9937,
"Mnuchin not worried by lower U.S. tax receipts, has funding plan",1,10784,
Egypt summons several Western ambassadors over criticism of rights lawyer's detention,1,16220,
 Shocking Ad Shows How Trump’s Racist Campaign Is RUINING Children’s Lives (VIDEO),0,15720,
BREAKING: President Trump Makes FBI Pick One Day Before Comey Testimony [Video],0,14039,
U.S. official who confronted Trump on ethics resigning for new job,1,17299,
chinese political dissidents are having their organs cut from their bodies for transplant tourists,0,18986,
State of Washington law paves way for organic marijuana market,1,7223,
Arab states believe U.S. aid secure despite defying Trump Jerusalem move,1,5455,
TransCanada to make final decision on Keystone XL by December,1,14651,
 Alabama Trump Supporter Gets Fired For Incredibly Racist Rant About The Obamas (IMAGE),0,21751,
"Facing revolt on healthcare bill, U.S. Senate Republicans delay vote",1,22164,
Arab League to hold emergency meeting on Jerusalem on Saturday,1,21621,
CAMPUS CRAZINESS: Student’s Grade Goes Down For Using The Word “Mankind” [Video],0,21170,
" Trump Supporters Give Nazi Salute, Tell Reporters To ‘Go To F*cking Auschwitz’ (VIDEO)",0,14957,
 N.C. NAACP Plans Sit-Ins To Force Repeal Of Anti-Gay Law,0,16092,
 WATCH: Rabid Trump Supporters Call For ‘Liberal Genocide’ At FRIGHTENING Arizona Rally,0,13123,
EARLY VOTING UPDATE: “Record Turnout! They’re Not Republicans…They’re Not Democrats”…And They’re coming Out In HUGE NUMBERS To Vote For Trump [VIDEO],0,16218,
Spain's King condemns Catalan leaders as thousands take to streets,1,16321,
"Merkel's conservatives keen, but SPD still coy on German government talks",1,18873,
"Trump nomination odds wane in online betting, third party run bets up",1,5674,
Iran summons Swiss envoy to protest U.S. visa ban,1,1879,
Release of CIA torture details unlikely: senior Democrat,1,21465,
 Barack Obama EVISCERATES Trump After Trump Gets Blocked From Twitter (VIDEO),0,19333,
Russian MP says Flynn resignation may show White House turning anti-Russian,1,1708,
meet the people obama just gave the medal of freedom,1,14745,
no title,0,14035,
 Senate Gives Trump Jr. Ultimatum: Respond By Friday Or Face Subpoena,0,16648,
U.S. House tax committee sets first hearing on tax reform,1,17382,
Russia's Putin may meet Venezuela's Maduro: Kremlin,1,11939,
Iraqi prime minister declares victory over IS in Tal Afar,1,15337,
Trump and Netanyahu share a kiss on West Bank wall mural,1,11538,
Planned Parenthood sues Indiana for abortion law,1,13024,
WATCH: JUDGE JEANINE Defends President Trump…DESTROYS NFL Commissioner Roger Goodell…DISRESPECTFUL and Violent NFL Players,0,21305,
WHITES NEED NOT APPLY: OBAMA’S NEW MORTGAGE SCAM Targets High Risk Minority Immigrants,0,17982,
Obama renews call for U.S. public health insurance option,1,13306,
Trump names Ohlhausen as acting chair of Federal Trade Commission,1,177,
FBI UNDERCOVER Informant On Hillary’s 2010 Sale Of Uranium Identified,0,15109,
"NUT JOB GLENN BECK Joins Liberal, Foul-Mouthed Whack Job Samantha Bee In Unified Effort To Fight “TRUMPISM” [VIDEO]",0,106,
"Indian forces kill militant leader's nephew in Kashmir, police say",1,22677,
"Cruz, Trump split four states in setback for Republican establishment",1,14929,
China probes former vice-chief of securities regulator for graft,1,7109,
U.S. lawmakers probing Wells Fargo scandal blast arbitration pacts,1,112,
 BUSTED: Melania Trump Wanted To Use Her Role As First Lady To Personally Profit,0,23302,
"Trump flops with Silicon Valley donors; Clinton falls short, too",1,22614,
 Ted Nugent Reveals The Most Anti-American Thing There Is – Prepare To Laugh Hysterically (AUDIO),0,16543,
Obama power plant rules face key test in court,1,6947,
WATCH WHAT HAPPENS WHEN CHRISTIAN MAN ASKS 13 GAY BAKERIES TO MAKE PRO-TRADITIONAL MARRIAGE CAKE [Video],0,16641,
"U.S. expels 15 Cuban diplomats, fuelling tensions with Havana",1,21805,
TUCKER CARLSON Outs Human Rights Exec. Director As A Partisan Hack: “Obviously partisan motives diminish your mission” [Video],0,17824,
BIKERS FOR TRUMP Bring Important Message and Help to Republican Candidate #KarenHandel in HUGE Political Battle,0,23400,
"Trump, Scotland's Sturgeon spoke briefly on Friday: statement",1,16298,
Trump to give speech on U.S. tax overhaul on Wednesday: White House,1,8265,
 Hillary’s ‘Environmental Justice’ Plan Is The Kind Of Kick Ass Policy We’ve Been Waiting For,0,16261,
German official warns U.S. not to use sanctions for industrial policy,1,11265,
Russia says regrets over U.S. moves on consulate closure,1,9642,
" Ted Nugent Calls For The Death Of President Obama, Goes Off On Racist Rant (VIDEO)",0,14928,
 Joe Scarborough Just EVISCERATED Trump’s Attorney On Twitter Over Tax Returns (TWEETS),0,10296,
Key U.S. senator says time not right for new North Korea legislation,1,10358,
Comedian Kathy Griffin says her career is over after gory Trump photo,1,16463,
"Presidents Bush and Clinton: Be humble in victory, responsible with power",1,5654,
 Sean Hannity Just Showed EXACTLY How Delusional Conservatives Are In A Single Statement,0,16742,
 Heidi Cruz: Ted’s Failed Campaign Is Just Like The Fight To End Slavery,0,11864,
Israeli official under fire for comments on American Jews' military service,1,16458,
White House rejects report critical of Republican health plan,1,8226,
Senator Franken to resign on Thursday: Minnesota Public Radio,1,12609,
Trump refuses to condemn violence at his U.S. presidential rallies,1,16393,
Russia rejects lawsuit to learn fate of Swedish war hero Wallenberg: agencies,1,8341,
One dead after light aircraft collides on Caernarfon runway,1,5237,
No proof Russian hacking influenced U.S. election: Trump spokesman,1,16133,
 Chris Christie Is REALLY Mad Michelle Obama Is Forcing Fruits And Veggies Down Kids Throats,0,5125,
Spain makes largest cocaine bust in 18 years,1,844,
Tillerson's Asia trip not seen producing concrete action on North Korea: State Dept,1,8248,
 Trump Loves To Say The New York Times Is ‘Failing’ – So They Just Effortlessly Embarrassed Him With Simple Numbers,0,16736,
how americas elections are hacked missing link discovered,0,22335,
 Trump Continues To Solicit Illegal Donations From Foreign Lawmakers,0,6604,
 This Method Has Predicted Every Modern Election And Trump Is Screwed,0,23623,
Trump considering lawyer for White House Russia role: sources,1,21127,
OBAMA FIGHTS TO KEEP RADICAL AGENDA ALIVE: Asks Crooked AG Loretta Lynch To Find Way To Challenge Supreme Court Decision That Blocked His Executive Order Amnesty Scheme,0,7110,
Exclusive: Iran's Revolutionary Guards arrest more dual nationals,1,24073,
U.S. court rules Arkansas can block Planned Parenthood funding,1,14303,
YIKES! ACADEMY AWARD WINNING Actor Starring In Harvey Weinstein’s New Batman Movie: “Children UNDER 16 Are Immensely Attractive”,0,7663,
Honduran presidential candidate Nasralla says election marred by fraud,1,21820,
[VIDEO] DEAF Team USA Athlete SEXUALLY ASSAULTED By Leftist Thug Protestors…Guess Who POLICE Threatened To Arrest?,0,15368,
Ep #10: Patrick Henningsen LIVE – ‘Inside Esoteric Hollywood’ with guest Jay Dyer,0,13178,
LESTER HOLT PULLS A “Candy Crowley” 5 Times…Joins Team Hillary To Help Debate Trump,0,7472,
"Pakistan orders George Soros foundation, other aid groups to close",1,2811,
 ‘Black’ GOP Super PAC Is Secretly All-White,0,8176,
DEMOCRATS Get DEVASTATING News After Spending $10.1 MILLION To Defeat Roy Moore In AL Senate Race,0,8706,
“CHICKEN LITTLE” AL GORE Uses Fear and the Bible to Push his Climate Agenda [Video],0,9111,
BREAKING: THE SUPREME COURT RULES AGAINST THE EPA ON POWER PLANT REGULATIONS,0,23859,
U.N. official says will raise sexual violence against Rohingya with ICC,1,11693,
WHAT A FOURSOME! Trump Plays With Golf Greats [Video],0,678,
"NEW POLL SHOWS DEMOCRATS Under 50 Prefer Old, White Marxists To Serial Criminals In Pants Suits",0,14725,
"Philippine military removes navy chief, but won't say why",1,7289,
EU parliament backs starting next phase of Brexit talks,1,593,
Canada frets over possible huge surge in asylum-seekers: sources,1,22911,
" Arizona GOP Poised To Ban Social Justice Classes, Events, And Lectures In Public Schools",0,22026,
"In meeting, Trump to push a reluctant Xi to rein in North Korea",1,3202,
Philippines says Maoist rebels attacked soldiers on typhoon relief duty,1,9929,
Trump says he is sending federal help to fight Chicago crime,1,24162,
Health Secretary Price's use of private jets under review,1,7391,
"Islamic State takes back half of Syrian town from Syrian army, allies: Observatory",1,15839,
U.S. House will delay break if Senate passes health bill: House speaker,1,9003,
Chronology: It only took seven decades: the path to EU's defense pact,1,10692,
"(VIDEO) For the Love of Winston Smith, “Let The Truth Be Told”",0,9023,
Great Answer! Sean Spicer Asked To Name CNN Reporter Who ‘Did Good Work’ During His Time In The Trump Administration,0,4823,
 Trump Is Literally Sabotaging The Case Against The NYC Terrorist By Not Keeping His Mouth Shut,0,21938,
Quarter of Republicans think Cruz's birthplace disqualifies him for president: poll,1,8606,
"After Somalia's deadliest bombing, a brother's desperate search",1,10893,
Tillerson gets first briefings at State Department: spokesman,1,5512,
BREAKING: CLINTON CHAIRMAN’S SISTER-IN-LAW Lobbied Clinton’s State Department…Earned Six Figure Income,0,18490,
Schumer: delay tax overhaul vote until new Alabama senator seated,1,12856,
 Pantsuit Nation Just Made It EASY To Push For A Trump Investigation; Find Out HERE,0,19493,
" John Cleese NAILS Stupidity Of Trump’s London Tweets, Trump Fan Responds And Humiliates Himself",0,13792,
Zimbabwe's Mugabe in talks with ousted vice president: army chief,1,9164,
Air strikes kill 69 in Syrian east since Sunday: Observatory,1,9505,
" Ted Cruz Reveals Paranoid Fantasy Involving Obama, A Chisel, And Arlington Cemetery (TWEETS)",0,16151,
"Russia and USA, after Tillerson talks, agree modest steps to mend ties",1,8245,
 Bernie Sanders Sums Up The Disastrous GOP Presidential Race In One Brutal Sentence (VIDEO),0,6535,
Mexico ruling party hopeful 14 points adrift in presidential poll,1,5412,
U2’s LIMOUSINE LIBERAL BONO Proves He’s Clueless On Trump: “Bleakest Era”,0,12256,
OBAMA’S FAREWELL: FAKE TEARS Resurface For First Time Since Gun Control Speech…[Video],0,6207,
(Video) Col. Allen West Explodes Over Iran Deal During Fiery and Emotional Times Square Speech,0,8272,
"UPDATE ON BEATING OF WHITE COP: BLACK MAN STEALS WHITE COP’S GUN, BEATS HIM WITH IT AND TAKES PHOTOS: Obama/Sharpton #FckDaPolice Crowd Cheer On Social Media",0,18742,
 This Republican Actually Supports Obama In Finding Scalia’s Replacement – Here’s Why (VIDEO),0,260,
Philippines' Duterte takes aim at graft agency head for query on his wealth,1,15910,
 WATCH: Trump’s Insult To The Troops He Didn’t Want You To See,0,20613,
GERMAN VOLUNTEERS HOLD WELCOME RALLY: Applaud As Muslim Migrants Sing Jihadist Songs [Video],0,3644,
Hilarious! CNN Anchor Outraged That Trump Retweeted Hillary Video of ‘Best Golf Shot Ever’! [Video],0,2653,
november message from archangel michael,0,11269,
Spy plane contract to be awarded in fiscal 2018: U.S. Air Force,1,7317,
LIBERAL HOLLYWOOD SUFFERS Worst Summer For Movies In 25 Years,0,3532,
 Nate Silver: There’s a 79% Chance That Hillary Clinton Is Our Next President (VIDEO),0,21910,
Yemen's Houthi group says fires missile toward Abu Dhabi nuclear reactor,1,8038,
ERIC TRUMP REMOVES ANY DOUBT About International Business Deals With HUGE Announcement: “It’s The Right Thing To Do” [VIDEO],0,22370,
Top Mexico university blames deadly bridge collapse on weak supports,1,19815,
 CNN Refuses To Air Trump’s First 100 Days Ad For One Very Good Reason – See For Yourself (VIDEO),0,16169,
Senate leader opposes 'lecturing' Myanmar leader Suu Kyi,1,11509,
Islamic State guerrilla attacks point to its future strategy,1,23603,
 Katy Perry Releases AMAZING Campaign Ad That PERFECTLY Describes Why We’re All Voting For Hillary,0,22569,
FLASHBACK…UNDERCOVER VIDEO SHOWS HILLARY Telling Top Donor She Stopped Using Email Because Of So Many Investigations: “Why would I want to do email? Can you imagine?”,0,13346,
COLLEGE SNOWFLAKES FREAK OUT! “Feel Unsafe” Over VP Pence’s Planned Commencement Speech [Video],0,7677,
isis uses an industrial dough kneader to kill  children roasts adults in a bakery oven in douma syria,0,18178,
 Officials: Trump Will Only Read Security Briefings If We Treat Him Like A Toddler,0,7361,
“A BEAUTIFUL CHRISTMAS PRESENT”: How Tax Brackets Could Change Under Republican Tax Plan,0,16773,
"Episode #208 – ‘Not The Network’ – Sunday Wire with Hesher, Funk$oul and Patrick Henningsen Live from Iraq",0,22386,
Watch Women’s March Activist: ‘Missing Black Girls” Connected to Trump Tax Returns,0,9696,
" Texas Man Shoots Puppy That Pooped In His Yard, Finds Himself On The Receiving End Of Gunfire (VIDEO)",0,20290,
Qatar to buy 24 Typhoon jets from UK's BAE Systems,1,9136,
CRITICAL! HERE’S WHY HILLARY 2016 Comes With Sharia Law And The Loss Of Free Speech [Video],0,1106,
U.S. Senate to vote on Montenegro's NATO membership,1,12464,
"Kazakhstan to re-examine 2004 banker's death, may target Nazarbayev critic",1,5698,
GOOGLE Apologizes After Changing Name Of Trump Tower And Trump Hotel On Google Maps,0,3257,
BOOM! DirecTV REFUNDS NFL Sunday Ticket Subscriptions After Being Bombarded With Angry Calls From Customers Over National Anthem Protests,0,4143,
Extreme Left #DISRUPTJ20 Plot to ‘Acid Bomb’ Inauguration Deploraball,0,15756,
Syrian opposition SNC wont participate in Russia-sponsored congress: spokesman,1,9044,
"Have the US, Trump Really Abandoned ‘Regime Change’ in Syria?",0,19600,
 Trump Whines Incoherently About ‘Russian Witch Hunt’ And The Internet Laughs At Him (TWEETS),0,8157,
A Must Watch Video! Brilliant Take On How Hillary Clinton’s Lawlessness Gets Ignored,0,7562,
 SNL Hilariously Mocks One Of Trump’s Biggest Supporters During Opening (VIDEO),0,4115,
 Lesbian Couple’s Valentine’s Day Ruined By A**hole Chef Who Thinks They Need A Man (IMAGE),0,6574,
AFGHAN INTERPRETER FOR US MURDERED BY TALIBAN WHILE WAITING 4 YRS FOR PROMISED VISA [Video],0,774,
"Mueller, New York attorney general cooperating on Manafort probe: Politico",1,6664,
Incoming U.N. climate chief seeks swift action: at odds with Trump,1,7338,
Trump leans toward replacing Fed chief if he wins White House,1,3097,
Trump: Obama should be investigated over Clinton email server,1,4199,
"Tillerson calls counterparts from Mexico, Canada: State Department official",1,12203,
 Trump Attacks James Comey For Not Jailing Clinton: ‘She Was Guilty Of Every Charge’ (VIDEO),0,9901,
Trump tax cut plan gains momentum after U.S. budget vote,1,7293,
 Trump’s Approval Rating TANKS To The Lowest Level Of Any President’s First 60 Days,0,17750,
Republican tax code revamp hits House budget obstacle,1,4960,
Palestinian envoy says U.S. recognition of Jerusalem is 'declaring war',1,553,
gov bill weld encourges supporters to stop trump,0,21468,
U.S. Senate Republicans release changes to healthcare proposal,1,19164,
"Syria's Deir al-Zor air base working again: state media, monitors",1,6928,
 RNC Mouthpiece Joins Trump In Vicious Attacks On Carrier Union Leader,0,19712,
OBAMA NOMINATES FIRST MUSLIM FOR FEDERAL BENCH: Can A Devout Muslim Rule Without Including Sharia Law In His Decision?,0,14393,
U.N. rights boss urges U.S. Congress to give 'Dreamers' legal status,1,5862,
"Catalonia's leader rules out snap election, crisis deepens",1,23483,
Britain will diverge from EU regulations post-Brexit: minister,1,17906,
Trump to meet with long list of leaders in New York next week -White House,1,713,
Spain High Court jails two Catalan separatist leaders pending investigation,1,23629,
" Miss Texas Gave A VERY Unexpected Answer When Asked About Trump, And Republicans Are Furious",0,5482,
Senate Democrat says Garland is Obama's Supreme Court choice,1,23227,
 Thin-Skinned Trump Had A CRAZY On-Air Meltdown After Chris Cuomo Asked Him A Tough Question (VIDEO),0,14580,
Italian left's efforts to stop migrants may backfire at election,1,7668,
Trump picks Boeing executive Shanahan to become Pentagon's No.2,1,4620,
Back to school: China kindergarten weathers child abuse storm for now,1,4379,
"ANARCHY BY DESIGN: ‘Anti-Trump’ Flash Mobs, Hollywood and The Wall Street War Chest",0,17407,
 Trump’s EPA Admin GUILTY Of Lying To Congress During His Confirmation – Republicans SILENT,0,23769,
Three charged in Malta for murder of anti-corruption journalist,1,16791,
"Philippine ferry capsizes with 251 on board, four dead",1,1971,
BREAKING: Fresno Police Release GRAPHIC Video Of FATAL SHOOTING OF UNARMED WHITE MAN By Veteran Cops,0,18496,
 Carly Fiorina Made A Killing Off Of Those ‘Baby Parts’–Because All Cash Is Sacred (VIDEO),0,16647,
MSNBC “ANALYST” Shocks Host When He Makes Outrageous Claim About Jared Kushner: “That’s a major allegation. I mean that’s kind of a stretch” [Video],0,17558,
BILL BENNETT RIPS Into Never Trumpers…The Voice Of Reason [Video],0,15487,
 House GOP To Waste MORE Time And Money With Silly Investigation Into House Democrats,0,9425,
THINGS GET UGLY When White Guy Tries Social Experiment In Wrong Neighborhood: Asks People What They Think Of “All Lives Matter” Sign [VIDEO],0,14219,
" Oregon Militant Flips Over His Vehicle, Breaks More Laws – Guess What The Cops Do (IMAGE)",0,23919,
Trump's tax cut won't be the biggest in U.S. history,1,3343,
" Newt Gingrich Just SLAMMED Romney, Dubya And His Daddy For Being Hypocrites And Babies (VIDEO)",0,11572,
"ISIS SUPPORTER RESPONDS TO KILLING OF TOP ISIS OPERATIVE: “If they took Abu Sayyaf, we will take Obama”",0,2286,
"Instant View: Senate plan delays corporate tax cut, won't repeal Obamacare mandate",1,17235,
 Louisiana Governor Blasts Trump Over His Photo-Op Exploitation,0,2975,
Ohio judge warns Trump campaign as voter advocates score court wins,1,4585,
"Uzbekistan drops use of students, teachers, nurses as cotton-pickers: PM",1,12549,
UNREAL! OBAMA SAYS HIROSHIMA TOUR to Honor “All” WWII Dead [Video],0,2512,
Turkey opens military base in Mogadishu to train Somali soldiers,1,5349,
 BUSTED: Donald Trump Screwed Over American Steel Workers By Buying Metal From China Instead,0,19478,
 Top Dems Take Action To Keep Documents On Russia Investigation Safe From Trump,0,23848,
 The Alicia Machado ‘Sex Tape’ Trump Just Tried To Shame Hillary Over Doesn’t Even Exist,0,18426,
Senator McConnell says ending U.S. debt ceiling would be challenging,1,20440,
Trump open to dropping healthcare provision in Senate tax bill: aide,1,4587,
DEAR MR. PRESIDENT…When We Said “Lock Her Up” We Weren’t Asking [VIDEO],0,13279,
NO JOKE! THE EPA STICKS ITS NOSE INTO THE NAIL SALON BUSINESS,0,6129,
Factbox: What's in the Republican tax cut plan Trump is promoting?,1,14943,
POLITICAL HACK LORETTA LYNCH Called Out By Dr. Ben Carson On NC “Bathroom” Law [Video],0,14072,
 This Single Anecdote Tells You EVERYTHING You Need To Know About Trump Voters,0,8939,
Saudi coalition lets Yemen's Aden port reopen,1,15346,
CHARLES BARKLEY Says Anyone Who Criticizes Obama Is A Racist…Gay Rights More Important Than Religious Freedom In America [VIDEO],0,19498,
" Planned Parenthood Shooter Speaks Out, Sounds Like GOP Candidate",0,23359,
Obama says disagrees with discrimination based on religion: spokesman,1,3008,
" Michael Flynn Begs For Donations On Twitter, Gets Wrecked By The Internet",0,13051,
"UNBELIEVABLE PHOTOS Show How The Media Is Hiding The Biggest Story Of Our Time: The Rise Of The Violent, Anti-American Democrat Party",0,14551,
Merkel scolds ally to shield coalition talks from weedkiller row,1,2753,
Boiler Room EP #121 – Google vs The Red Pill & The Great Witch Hunt,0,12457,
Congress averts government shutdown for now,1,1302,
IT JUST GOT REAL! GOP Rep. Jim Jordan Tells Judge Jeanine Key Players in anti-Trump Scam Will Be Subpoenaed [Video],0,19278,
Trump tweets thanks to Steve Bannon for service and role in campaign against Clinton,1,7965,
"Schwarzenegger fired, didn't quit 'Apprentice': Trump",1,22420,
France should not interfere in Iran's missile program: adviser to Iran's supreme leader,1,16710,
Factbox: Short list of potential Trump administration picks,1,2928,
U.S. Congress to advance Zika funding bill: Sen. McConnell,1,10017,
trump will win november  election american professor,1,17870,
Former Zimbabwe finmin Chombo detained until bail hearing Monday,1,3753,
"COPYCAT MUSLIM TERRORIST ARRESTED With Assault Weapons, Knives Drives Into Busy Shopping Area At High Speed [VIDEO]",0,19346,
Lebanon parliament speaker proposes vote by year-end,1,7587,
 Donald Trump Gives His First Apology Ever And Swears He’d ‘Never Lie To You’,0,17807,
"Is the United States of America a Liberal Democracy, or Liberal Oligarchy?",0,20514,
Request to Halt Construction of DAPL Declined,0,22067,
Kentucky governor sues to close abortion clinic,1,16297,
Thailand's ousted PM Yingluck has fled abroad: sources,1,17773,
 Republicans Just Moved To Repeal Obamacare. They Never Expected Americans To Respond Like THIS (TWEETS),0,10069,
 DHS Officials Tried To Stop Trump’s Unlawful Muslim Ban — Steve Bannon Overruled Them,0,21186,
Chinese space official promoted as part of military reshuffle,1,5604,
 Crazed Cop Caught On Camera Breaking Man’s Leg Over A Single Walmart Tomato (VIDEO),0,18438,
MESSAGE TO THE LEFT ON IMMIGRATION: If You Disagree With “AMERICA FIRST”…Who Are YOU Rooting For?,0,18409,
OBAMA AND HILLARY CLINTON-BACKED SYRIAN REBEL GROUP That Just Beheaded A Child [Video],0,14818,
college warns against deplorable and problematic costumes,0,17922,
 Palin Stands With Disgraced ESPN Analyst Curt Schilling By Bashing Trans People In His Honor (IMAGE),0,14752,
How to Blow $700 Million: Al Jazeera America Finally Calls it Quits,0,5384,
U.S. presidential debate rules out third party candidates,1,723,
 Sean Hannity Disrespects Family Of Slain DNC Staffer In Sorry Quest To Prove No Trump/Russia Link,0,9191,
Storm Maria pitches Puerto Rico barrio into sunken 'Venice',1,7149,
Why Not A Probe of ‘Israel-Gate’,0,14454,
GUNFIGHT ERUPTS: Muslim Migrants Fight To Keep Minority Christians Out Of Camp in Northern France,0,23200,
What is in the Republicans' final tax bill,1,19165,
BOOM! TRUMP Gives Powerful Immigration Speech…WEBSITE CRASHES With HUGE Volume Of Donors…SAME DAY: “Benghazi Blood On Her Hands” Hillary Appears Before Half-Empty American Legion Conference [VIDEO],0,6696,
HERO Praised By Media For Fighting Off Faisal Mohammad…Isn’t That What The Media Crucified Ben Carson For Suggesting? [VIDEO],0,16036,
REMEMBER WHEN Democrat Operatives Were Caught Bragging About Their Voter Fraud Operation In WI? [VIDEO],0,2950,
WATCH: Shocking Number Of Swedish Citizens WALK BY GIRL BEING RAPED By “Middle Eastern Man” In Car [VIDEO],0,22741,
U.S. committed to Europe alliances: Haley,1,8154,
South Korea's Moon says he and Putin share understanding on North Korea,1,14043,
 Donald Trump May Have Already Stolen The Next Election,0,5217,
"Motorbike explosion in Syrian city kills child, monitors say",1,12992,
" The Most Hated Man In Corporate America Wants Scaramucci’s Job, Because Why Not?",0,3874,
 Anti-Gay Texas Attorney General Faces Disbarment,0,1793,
 DESPERATE Senate Republicans Just Dropped Pro-Hillary Bombshell Onto Trump’s Head,0,13144,
 Elizabeth Warren Burns Trump For Attacking Hillary For Being A Woman,0,6499,
Secret Service manpower shortage as campaigns ramp up,1,5815,
"Factbox: Sweeping U.S. Dodd-Frank financial law created new agencies, rules",1,7135,
 This Christian Minister Just Gave A 4 Minute Speech On Discrimination That Should Be Mandatory To Watch (VIDEO),0,22349,
 BREAKING: House Democrat Moves On Impeachment For Trump (DETAILS),0,4464,
House tax panel chair says expects vote on plan next week,1,8465,
 New Report Says Trump Destroyed Scaramucci’s Marriage,0,11244,
WHOA! BLACK WOMAN FED UP WITH BLACK RACISTS NAILS IT: “Many Black People Voted For Barack Obama Simply Because He Was Black…And Now Your Black god Has Failed You!” [VIDEO],0,22584,
Limousine Liberal Leo DeCaprio Joins Globalist John Kerry: Climate Deniers Like Trump Shouldn’t Hold Office [Video],0,3780,
Tillerson says NATO mutual defense guarantee is inviolable,1,13874,
Illinois House Democrats advance FY 2017 budget amid veto threat,1,17960,
 WATCH: GOP Senator Yawns As Disabled Healthcare Protesters Are Being Dragged Away By Cops,0,12079,
THE CARNAGE AND THE KINDNESS Of Good Samaritans After London Terror Attack [VIDEO],0,14571,
"Russia holds rates amid geopolitical risks, sees cuts by year-end",1,1649,
 White Supremacist GOPer’s Democratic Opponent Receives So Many Death Threats That She Quits,0,23160,
"Britain in 'front seat' for U.S. trade deal, top Republican says",1,16691,
"BREAKING NEWS: SHOOTER Ambushes GOP Congressmen…ONE Congressman, TWO Police Officers SHOT In “Deliberate Attack”…Cops Prevented “MASSACRE” [VIDEO]",0,12157,
Kremlin says White House line on sanctions is contradictory,1,15805,
"Swiss, French police team up for 'counter-terrorism' raids",1,24196,
Hong Kong leader can't rule out barring even former governor Patten as China flexes muscles,1,17522,
"WORLD’S MOST POPULAR Search Engine Places FICTIONAL Story At Top Of News Feed:”Melania Trump is Lonely, Racist and Obsessed With Michelle Obama”",0,23744,
DAY 2 RESULTS Of Wisconsin Recount Are In…And Hillary’s Not Gonna Like It,0,17525,
fema opens loan window as red cross tries to shut down shelters,0,12894,
 Anderson Cooper SMACKS DOWN Trump For Whining About Colorado Rules: ‘Didn’t You Just Get Outplayed?’ (VIDEO),0,20330,
 Trump STUNS Republican Voter By Straight-Up Telling Her That He WILL Deport Her Family (VIDEO),0,362,
Power crews scramble to Puerto Rico after Maria smashes its grid,1,15091,
Catalonia's pro-independence parties seen losing majority in election: poll,1,6110,
obama donations funneled through fake bonuses,1,22404,
South Korea calls for 'bone-numbing' sanctions on North for nuclear test,1,3574,
"Clinton 'extremely careless' with emails, but FBI recommends no charges",1,23456,
CHER HUMILIATES Democrats Over Childish Neil Gorsuch “Tantrums” In One BRUTAL Tweet,0,7888,
Lack of clear UK stance making Brexit talks tough: French PM,1,16706,
 This Liberal Live Tweeted His Trump Rally Experience And It Is GLORIOUS (TWEETS),0,22684,
Turnout in German election slightly lower than 2013: official,1,7396,
Boiler Room #103 – Smoking Gunz,0,3882,
"WATCH FIRST FAMILY ARRIVE BACK IN DC…President Trump, Melania & Barron…Ivanka and Kids [Video]",0,6494,
"OSCE watchdog slams Unites States, Russia for ""foreign agent"" media laws",1,8049,
Trump says churches should get FEMA funds for hurricane relief,1,23951,
WATCH WHAT HAPPENS After Hillary Clinton Sends Her Book To The Ben Carson Campaign [Video],0,10723,
 ‘Pro-Life’ Republican Blocks Food For Children,0,17232,
The “ISLAMIC RAPE OF EUROPE”…One Nation Is Fighting Back In Most Politically Incorrect Way,0,12192,
Britain's Brexit firebrand Farage meets Trump in New York,1,452,
 Minnesota Woman Writes Amazing F*ck Off Letter To Men Who Want To Ban Abortion (IMAGE),0,20607,
Brazil president sees lower house pension reform vote December 18 week,1,18308,
SUNDAY SCREENING: ‘Air America: The CIA’s Secret Airline’ (2000),0,4668,
" Fox News Just Got SLAPPED With A Racial Discrimination Lawsuit, And It’s About Damn Time",0,20482,
THE VIDEO LIBERALS Don’t Want You To See: LIL WAYNE Tells How A White Cop Saved His Life…”I Don’t Know What Racism Is”,0,20197,
Rubio campaign test: Can money bring U.S. Republicans happiness?,1,2091,
Kremlin says reports Trump disclosed intelligence are 'nonsense',1,9263,
 Liberal Nobel Prize Winning Economist: Hillary Clinton Is MORE Liberal Than Obama,0,5745,
 Why The Secret Service Is Investigating Glenn Beck (VIDEO),0,1289,
Guards chief rejects Trump 'slander' that Iran behind Saudi missile,1,7106,
Clinton campaign chairman testifies in House Russia probe,1,2320,
 The Absolutely Cringeworthy Moment Trump Tried Flirting With An Irish Reporter (VIDEO),0,6774,
Lebanon's Hariri can come to France when he wants: French foreign minister,1,15191,
"Bus drives into pedestrian underpass in Moscow, kills four: agencies",1,19788,
No indication Russia wants positive relationship with U.S.: Mattis,1,8966,
"White House, intel chiefs want to make digital spying law permanent",1,15059,
Support for German SPD slumps to lowest this year: poll,1,24056,
Irish PM statement on Brexit talks delayed,1,15849,
" Infamous Climate Denier Falls Apart After Bill Nye Makes Him A $20,000 Bet He Knows He’ll Lose (VIDEO)",0,23204,
" Thanks To Trump, ‘Local Milk People’ Is Trending, And That’s Not Weird AT ALL",0,10000,
 Trump Goes On UNHINGED Early Morning Twitter Tirade; Attacks Federal Judge Over Muslim Ban,0,14955,
"Obama pushes values and prods Trump in final, emotional address",1,9086,
Eight Republican candidates qualify for Thursday's debate; Trump uncertain,1,10335,
Federal judge blocks Florida law to end abortion clinic funding,1,6525,
Turkey detains main opposition leader's lawyer over coup links,1,22611,
"Trump idea of Japan, South Korea with nuclear weapons is destabilizing: White House",1,399,
WOW! HILLARY SPILLS THE BEANS On Funding Terrorists…The Press Is Silent [Video],0,16699,
 John Kasich Decides To Say EVEN WORSE Things About Rape Victims (VIDEO),0,5532,
 Petty Trump Responds To Trumpcare Failure By Hoping American Healthcare System Falls Apart,0,6070,
Desperate Venezuelans peddle wares door-to-door in Colombia to survive,1,19226,
BUSTED! JEB BUSH’S CAMPAIGN USED “PLANT” To Attack Trump [VIDEO],0,7420,
 Jimmy Kimmel Imagines An Unlikely World In Which Jeb Bush Can Place Fourth In a Primary (VIDEO),0,19379,
GEORGIA REPUBLICAN CANDIDATE’S Neighborhood Blocked Off After Threatening Discovery in Mailboxes: “Your neighbor Karen Handel is a dirty fascist”,0,4755,
Britain 'disappointed' with Trump's climate move,1,183,
"White House says committed to implementing Iran deal, climate change agreement",1,4868,
Western intelligence warned Hariri of death plot: Asharq al-Awsat,1,23381,
"From new tax office, Catalonia hopes to grab billions from Madrid",1,21164,
"Canada proposes health warnings, child-proof packs for legal pot sales",1,22185,
 Watch This Democratic Congressman OBLITERATE Republicans For Their Racism,0,24297,
 Defense Secretary Mattis Speaks Over Incompetent Trump’s Threats To North Korea (VIDEO),0,5587,
 Women In The World Founder Has The PERFECT Description For Trump’s Crazy Presidency (VIDEO),0,4403,
"U.S. Air Force awards contracts to Boeing, Northrop for ICBM replacement",1,8379,
 North Carolina Tea Partiers Just ADMITTED They Are The True Terrorists; Trump Administration Does Nothing,0,19682,
Trump on Twitter (Dec 20) - Tax Bill,1,23371,
U.S. Republican Rand Paul suspends 2016 White House campaign,1,5220,
Most American voters support limited travel ban: poll,1,21643,
FINALLY! FBI Uses Mystery Method To Unlock Terrorist’s Phone,0,5354,
"Seeking to relaunch social agenda, UK's May to address racial disparity",1,14440,
Connecticut lawmakers approve labor pact with pension concessions,1,6697,
Trump to Republicans: Act swiftly to replace Obamacare,1,11369,
Democrats want a law to stop Trump from bombing North Korea,1,11773,
Mattis looking at ways to bring Russia into compliance with arms control treaty,1,10089,
 Time Magazine Cover PERFECTLY Illustrates What’s Happening To Trump And He’s Going To Hate It,0,19085,
Japan PM and U.S. president discuss North Korea's missile launches: media,1,13124,
Factbox - What's next for Catalonia's exiled separatist leader?,1,2850,
KILLING AMERICAN WORKERS By Replacing With Foreign Workers…Michelle Malkin Speaks To Abbott Lab’s Replaced Workers [Video],0,20964,
Nepal scraps $2.5 billion hydropower plant deal with Chinese company,1,3684,
"Serial Plagiarist Does Victory Dance Over White People Dying, Trump Can’t Save You!",0,15291,
"Arizona man challenges primary results, alleging misconduct ",1,2623,
New Venezuela oil chief vows anti-corruption crusade,1,15462,
Trump says waterboarding 'works' but will defer to Cabinet: ABC interview,1,5737,
 CNN Guest SMACKS DOWN Trump Supporter For Racist Gun Violence Comments (VIDEO),0,4247,
Saudi Man Threatens Backlash Over New Law Allowing Women Drivers: ‘I will burn her and her car’,0,7029,
"Ireland set for election if Deputy PM does not quit, opposition says",1,8898,
HILLARY’S STATE DEPARTMENT BLOCKED Min Wage Hike For Haiti’s Poorest Citizens To Keep Costs Down For U.S. Owned Factories,0,733,
" With Latest Hire, Trump Might’ve Just Gone To War With The NRA",0,20109,
Illinois abuse victim's lawsuit against ex-U.S. House speaker to proceed,1,15418,
TRUMP COMES BACK ROARING: Calls Out “Alt-Left” and “Fake News” [Video],0,18317,
Obama statement on death of Supreme Court Justice Scalia,1,10312,
"Myanmar operation against Rohingya has 'hallmarks of ethnic cleansing', U.S. Congress members say",1,13910,
" Desperate For Guests, Fox News’ O’Reilly Replacement Invites Fabio On To Bash Liberals (VIDEO)",0,17257,
PAMELA GELLAR’S FREE SPEECH EVENT HELPS ROOT OUT ANOTHER “off-the-charts dangerous” AMERICAN MUSLIM TERRORIST WITH BIG PLANS…,0,15263,
 Donald Trump Hints At Making The Crypt Keeper His Vice President,0,18960,
BIZARRE 2006 FILM Starring Former White House Staffer OMAROSA Surfaces With Crazy Plot Around Stealing Donald Trump’s Hair,0,2555,
" BREAKING: Republicans Embrace Trump’s Lies, Will Investigate ‘Campaign Surveillance’ As Part Of Russia Probe",0,3006,
Key U.S. senators reach deal on funding children's health program,1,6529,
 NRA Terrorist Organization Remains Silent After Worst Mass Shooting In American History,0,1962,
 Donald Trump’s Own Email Scandal Actually Broke The Law And He Should Be In JAIL,0,9449,
Trump picks Giuliani to assemble cyber security meetings with executives,1,18053,
Virginia Shooter Hodgkinson Was ‘Never Trump’ Fanatic and Devotee of Bernie Sanders,0,14764,
WATCH BILL CLINTON Say Hello To The Darkness [Video],0,23875,
Rivals of incumbent seek to sway Czech policy towards west in presidential election,1,3249,
Senate votes to pursue tax bill negotiations with House,1,11022,
"Trump declares end to 'war on coal,' but utilities aren't listening",1,13195,
"CLASSY GEORGE CLOONEY: “Steve Bannon is a failed f—ing screenwriter” If He Was In Hollywood, He’d Be “licking my A** to get me to do one of his stupid-ass screenplays”",0,12044,
 Trump Administration Is Already Talking About Withholding Harvey Aid,0,1318,
Sanders supporters' courtship of Clinton superdelegates may be backfiring,1,3422,
BILL CLINTON’S 12-YR Mistress Gennifer Flowers Says “YES” To Trump’s Invitation For Front Row Seats At Debate,0,15365,
LIBERAL NIGHTMARE! HUNDREDS OF VOTERS WITHDRAW Registrations As States Comply With Trump’s Voter Fraud Commission [VIDEO],0,3747,
 Trump Wants To Know Why Nobody Talked About Russian Hacking BEFORE The Election – Spoiler: They Did,0,8149,
PUBLIX Grocery Chain Directs All Stores To BLOCK National Enquirer Magazines With Trump On Cover [VIDEO],0,2386,
Trump administration moves to make tougher U.S. visa vetting permanent,1,18661,
Putin says hopes to discuss better Russia-U.S. ties with Trump,1,15552,
HE’S BAAACK! KHIZR KAHN TO APPEAR WITH RADICAL ANTI-ISRAEL/PRO-MUSLIM BROTHERHOOD ACTIVIST…Nothing To see Here…,0,11757,
Cheerleading Assassination: Are Hollywood and Politicians Going Too Far?,0,14364,
"Trump, conservatives try to put aside bitterness to cut tax deal",1,9043,
 Trump Blasted Nordstrom For Dropping Ivanka’s Brand. The Company’s Response Is PERFECT (TWEET),0,10454,
"Top U.S. general, without citing Trump, warns on troops' morale",1,18727,
Serbian foreign minister rejects U.S. call to choose between Russia and the West,1,11935,
"#LondonBridge MUSLIM Men CAUGHT Laughing, Celebrating, Yelling “Allah Akbar” While Watching Aftermath Of Terror Attack From Vehicle [VIDEO]",0,7315,
EU tells easterners to take in refugees,1,1585,
 ‘A Gimmick’: It Just Dawned On Republicans That Trump Is Full Of Sh*t About The Wall,0,8034,
Russian security service says dismantles Islamic State sleeper cell,1,1001,
ISIS TAKES RESPONSIBILITY For Downed Russian Jet And Releases Video But Russians Dismiss Claims,0,19198,
NJ GOV #ChrisChristie Busted On Beach After Closing It To The Public…SOCIAL MEDIA GOES CRAZY,0,14277,
 We’re Officially At The ‘My Wife Is Hotter Than Your Wife’ Part Of The Election (TWEETS),0,23811,
FLASHBACK: NANCY PELOSI TO ADOPTED WOMAN: Your Mom Should Have Had The Choice To ABORT You [Video],0,13419,
BALTIMORE MAYOR’S STAFF JUMPING SHIP IN DROVES AS QUESTIONS ARISE ABOUT $20 MILLION ESTIMATE FOR RIOT DAMAGE,0,6632,
 President Obama Slams Republicans For Toying With American Lives By Blocking Zika Funding (VIDEO),0,12402,
WIKILEAKS BOMBSHELL RELEASE: #Unfit Hillary’s Advisors Contacted NFL Commissioner For Advice On “Cracked Head” [VIDEO],0,14867,
"Tech employees vow not to help Trump surveil Muslims, deport immigrants",1,15504,
Ex-Trump aide Flynn's family creates fund for 'enormous' legal fees,1,1756,
"Trump supporters see Iraqi, Syrian refugees as major threat: report",1,1936,
 Bill Maher SCORCHES Republicans: Stop Blaming Liberals – ‘Trump Is YOUR Problem’ (VIDEO),0,4915,
FLORIDA COUPLE SPOTS MAN With “Death to America” Sign Then Take Matters Into Their Own Hands [Video],0,22704,
U.S. anti-missile system 'should be decision for next South Korean government',1,2995,
"U.S.-backed Syrian forces, Iraqi army coordinate at border: SDF",1,22343,
 Activist Trolls Republicans For Their Phony Condolences Over Orlando Shooting,0,14555,
 Trump Bans The Public From Calling The White House To Comment Or Protest,0,4708,
 Trump Stands By Wiretapping Lie Despite EVERY Investigation Confirming It’s Bullsh*t,0,21244,
Putin and Trump to Potentially Meet in Slovenia,0,11366,
Over half of Spaniards want early national election: poll,1,18245,
(VIDEO) DR. BEN CARSON’S GREAT CLOSING STATEMENT BRINGS THE HOUSE DOWN IN GOP DEBATE,0,23221,
 Mississippi Republicans Get Their Asses Handed To Them By Christian Cake Baker Over Anti-LGBT Law (AUDIO),0,12425,
 Robert Reich HAMMERS Trump’s Unpresidential Behavior In Amazing New Year’s Message,0,15367,
Skeptics Unconvinced After Release of Feds’ Latest Report On ‘Russian Hack of DNC’,0,6234,
 Trump’s America: Jewish Centers Rattled With Bomb Threats,0,12193,
FORMER ATTORNEY GENERAL: Why Obama is Guilty of REAL Hillary Obstruction [Video],0,12382,
Chile welcomes more than 60 Syrian refugees,1,19318,
Deadly riots block mining operations in Guinea bauxite town,1,11449,
House intelligence panel leaders split over session on Russia,1,4709,
BOOM! PRESIDENT TRUMP’S National Park Service CANCELS Taxpayer Funding For Project Honoring Violent Black Panther’s Group That Killed Park Ranger,0,6304,
Exclusive: Top U.S. spy agency has not embraced CIA assessment on Russia hacking - sources,1,23014,
U.S. says strike hits 20 percent of Syria's operational aircraft,1,12063,
Australian PM says first refugees to be resettled in U.S. under swap deal,1,23258,
 Trump Tells ‘Morning Joe’ He ACTUALLY Plans To Start A Nuclear Arms Race (VIDEO),0,700,
French minister calls out Trump on climate change as Irma wreaks havoc,1,24343,
 All The Proof You Need To Realize Hillary Is Not About To Let Wall Street Get Away With Anything,0,21388,
KKK AND BLACK LIVES MATTER Get Into Urine Tossing Fight Outside The GOP Convention [Video],0,7161,
U.S. deaths in Niger highlight Africa military mission creep,1,855,
 Trump Stooge Nunes Just Gave the Most Immature Answer When Asked If He Will Recuse Himself (VIDEO),0,2424,
 Former Defense Secretary: Trump’s Paranoid Claims ‘Make Us Vulnerable’ To Our Enemies (VIDEO),0,20115,
Boston men jailed for Trump-inspired hate crime attack,1,56,
WATCH PRICELESS EXCHANGE Between Neil Gorsuch and Ben Sasse On The Role of The Declaration of Independence [Video],0,22433,
"Trump's pick Gorsuch sworn in, restoring top court's conservative tilt",1,12988,
"U.S. lawmakers seek more money, authority for derivatives regulator",1,17031,
ARE JEB’S DONORS THROWING IN THE TOWEL?,0,20377,
Bosnia's Serb region declares neutrality in bid to block NATO membership,1,9646,
U.S. strike on Islamic State camps in Yemen kills dozens: Pentagon,1,3986,
Michigan Attorney General says weak Detroit schools can be closed,1,12650,
SARAH SANDERS…She Doesn’t Have Time For THIS! [Video],0,15657,
VIDEO: Screaming ‘DREAMers’ Force a Shaken Nancy Pelosi Off Stage: ‘You are a liar!’,0,16859,
"DEMOCRAT CONGRESSWOMAN, WIFE OF FELON Threatens Paul Ryan On Twitter Over Cutting Federal Funds To Kill Babies",0,22388,
 Tea Party Official Banned From Schools After A Statement That Will Make Your Skin Crawl,0,13489,
 Trump Is Now Talking About Going To War With Three Countries,0,6874,
Trump says actively considering breaking up big banks: Bloomberg TV,1,12255,
 Alec Baldwin Delivers Bad News To Donald Trump Prior To This Week’s Saturday Night Live,0,8945,
Northern Ireland: Life inside The Fountain,1,23981,
Conditions not ripe for role in Spain-Catalonia talks: Swiss,1,3870,
Israel strikes Hamas post after Gaza rocket fire,1,18383,
Republican Party chairman calls meeting with Trump a step toward unity,1,9004,
"Saudi Arabia and Arab allies push for unity against Iran, Hezbollah meddling",1,7724,
China says to ban some petroleum exports to North Korea,1,6830,
 Twitter EXPLODES As Tortured Snowflake Trump Starts Blocking People For Making Him Sad (TWEETS),0,11237,
Factbox: What do the new U.S. sanctions on Russia target?,1,2179,
"Sanders blocks Obama nominee to lead FDA, citing industry ties",1,17290,
Peru prosecutor probing alleged abuse seeks to jail Catholic society founder,1,8876,
Hillary Clinton spars with comedian on parody talk-show interview,1,6819,
Sweden to raise minimum pension age as retirees live longer,1,5697,
"House tax chairman confident on reform, others less so",1,18660,
McCain proposes $7.5  billion of new U.S. military funding for Asia-Pacific,1,16369,
 Trump Jr.’s Lies About To Be EXPOSED; Meeting With Russian Lawyer Allegedly Recorded,0,22167,
"IS OBAMA’S RADICAL AGENDA Responsible For State Department’s Misleading Report On Forced Labor, Prostitution And Human Slavery?",0,14450,
 REPORT: Trump Blocked HIS OWN CAMPAIGN From Vetting His Past,0,23285,
" Kentucky Republicans Introduce Abortion Ban, Tells Women They Have No Choice",0,12001,
Magazine's anti-Trump editorial spurs Republican debate,1,13437,
 2nd Major Trump Team Shakeup In A Single Day; Trump’s Top Lawyer Resigns,0,11256,
Pentagon to seek budget change to boost Islamic State fight,1,6483,
 Trump Just Posted Two Rules For This Country On Twitter That He Doesn’t Obey Himself,0,23218,
 Russians Fooled Dumbass Conservatives With Meme Of Hillary Fistfighting Jesus,0,17618,
SIX FACTS ABOUT Sheriff Joe Arpaio Case That Will Shut Down Every Liberal Crying “Foul” Over President Trump’s Pardon,0,17796,
AN ARROGANT Obama Admits He’s Learned Nothing As President,0,11570,
 Fiscally Conservative GOP Governor Begs The Public To Pay His Bills For Him,0,6056,
"ONLY DAYS AGO…BATON ROUGE THUG, #BlackLives Matter Supporter MAKES VIDEO…Says He’s Going To Start KILLING COPS…FBI, Local Police Make Visit…NO ARREST…NO CHARGES! [VIDEO]",0,5609,
WATCH: PRESIDENT TRUMP RETRIEVES MARINE’S HAT and Places it Back on His Head After it Blows Off… Oorah! [Video],0,22913,
Government will take over burned Myanmar land: minister,1,2594,
 The Russia Investigation’s Special Counsel Just Made Trump’s Problems A Whole Lot Worse,0,73,
 Watch Laura Bush Remind Her Husband It’s Not Okay To Dance At Funerals (VIDEO),0,18981,
Trump to unveil new responses to Iranian 'bad behavior': White House,1,1207,
 Costco Raises Minimum Wage For Workers As Republicans Continue To Do Nothing,0,5408,
HYSTERICAL! RACHEL MADDOW Claims Rain Kept Only Democrats From Voting In Georgia Election,0,18192,
Pakistan's long-persecuted Ahmadi minority fear becoming election scapegoat,1,1135,
"WATCH: TWO TX SCHOOL WORKERS FIRED For Refusing To Call 6 Year Old Girl A “Boy” : “One day, she wanted to be a girl, the next day she wanted to be a boy”",0,21693,
Prof Michel Chossudovsky discusses Hillary Clinton’s foreign policy & emerging nuclear risks,0,21315,
Several wounded after blast hits bus in Turkey's Izmir,1,11656,
Next round of Syria talks in Astana set for September 14-15,1,20089,
 Taxpayers To Get HUGE Bill For Protecting Trump Because New York City Can’t Afford It,0,14216,
"""It would be huge"": U.S. border town confronts possible import tax",1,11306,
Florida nuclear plants to shut ahead of Hurricane Irma,1,9354,
holding hillary accountable,1,19509,
 Here’s How The NY Times First Wrote About Obama In 1990 — It Is Not Pretty (IMAGE),0,16178,
UNRECOGNIZABLE After Major Plastic Surgery…HOLLYWOOD LIB Renee Zellweger Criticizes Trump: “Why are we talking about how women look?” [VIDEO],0,1588,
 CONFIRMED: High-Level Trump Campaign Staff Was In ‘Constant Touch’ With The Russian Government (VIDEO),0,19353,
Slovakia delays decision to replace Russian fighter jets,1,4957,
SUPREME COURT To Take Up Obama Immigration Actions…Guess Who Gets To Break A Tie Vote,0,7010,
Peru's Congress ousts cabinet as political crisis deepens,1,13776,
 Trump BUSTED Inviting Rich Friends To Sit In On Interviews For ‘Dictators’ In His Cabinet (AUDIO),0,24120,
Irma makes landfall at Cudjoe Key in lower Florida Keys,1,17876,
Congress faces tricky path to avoid government shutdown,1,15372,
Overcrowded Greek refugee camps ill-prepared for winter: UNHCR,1,22267,
FERGUSON FLAMETHROWER COMES OUT OF HIDING: Slams FBI Director For Blaming “Ferguson Effect” On Rise In Crime,0,9240,
Czech election winner Babis calls minority government 'unrealistic',1,20409,
"REPORT: ANTI-TRUMP, Open-Borders Clooney’s No Longer Feel Secure In England…Moving Back To U.S",0,15673,
 Donald Trump Jr. Says Bragging About Sexual Assault Is Just ‘A Fact Of Life’,0,35,
COMEDY GOLD! WATCH HILLARY Give Unbelievable Reason She Shouldn’t Be Investigated: ‘Terrible Signal’ [Video],0,18282,
"Amid state dinner glamor, a serious agenda for Obama-Trudeau talks",1,23961,
 Trump Attacks Hillary In PSYCHOTIC Twitter Meltdown Over Vote Recount (TWEETS),0,22555,
Turkish foreign minister says Assad administration must be removed,1,17129,
"Trump denies obstructing FBI probe, says has no tapes of talks with Comey",1,7244,
SUPREME COURT: VIOLENT THREATS ON FACEBOOK MAY BE OK,0,9361,
From Haider to Strache - the FPO's march to respectability in Austria,1,9245,
 What Bill O’Reilly Just Said About Women Proves He’s A Certified A**hole (VIDEO),0,21307,
HILLARY CLINTON STREET ART APPEARS IN LOS ANGELES BEFORE FUNDRAISERS,0,8103,
" Hillary Live-Tweeted During Trump’s Speech, And It Was Absolutely ON POINT (TWEETS)",0,16471,
MICHELLE OBAMA To Host “Iranian Festival” At White House,0,14577,
BOMBSHELL: New Evidence Shows Hillary Ignored Pentagon’s URGENT Offer To Help Benghazi Consulate [VIDEO],0,6969,
CONGRESSMAN SOUNDS ALERT TO CYBER SNOOPING LAW SNUCK INTO BUDGET BILL,0,1120,
BREAKING: IT’S “INDEPENDENCE DAY!”…HISTORIC UK BREXIT VOTE…UK To Leave EU Globalist Elite,0,3044,
Germany against Trump's Jerusalem decision: Merkel,1,809,
Tunnel collapse may have killed 200 after North Korea nuclear test: Japanese broadcaster,1,16208,
[VIDEO] CHRIS MATTHEWS IS “ASTOUNDED” WHEN CARLY FIORINA SCHOOLS HIM ON WHY HILLARY IS A “LIAR”,0,24286,
FLOOD VICTIMS CHEER TRUMP: “We knew you’d be here!” [Video],0,19076,
“OPEN MINDED” LIBERALS Ban Trump-Supporting Apartment Hunters,0,22929,
BREAKING: Michigan Native KID ROCK Announces He’s Running For US Senate,0,12721,
 South Carolina Exit Poll Finds 75 Percent Of Republicans Believe This Horrific Trump Idea,0,21187,
offizieller friseur des weißen hauses erlitt am wahlabend nervenzusammenbruch,0,4598,
U.S. tax plan threatens Wall Street's Bermuda idyll,1,17573,
Zimbabwe's Mugabe sacks VP seen as top succession candidate,1,2858,
 Democrats In Four States Are Now SUING Trump For Voter Intimidation,0,9826,
Iraq to declare final victory over Islamic State after desert campaign,1,7574,
NANCY PELOSI ARROGANTLY DISMISSES Questions on Crooked Democrat IT Employees Under Investigation [Video],0,15547,
" Obama Probing Putin: Orders Review Of Russian Hacking, And He Wants It Done Before He Leaves Office",0,6400,
ENTIRE HIGH SCHOOL FOLLOWS KAEPERNICKS Lead In Disrespecting The National Anthem,0,2719,
(VIDEO) WATCH WHAT HAPPENS WHEN A FOX REPORTER CONFRONTS THE ENTIRE SAN FRANCISCO BOARD OF SUPERVISORS ON MURDER OF KATE STEINLE,0,11795,
Angry and inspired: Democrats train new wave of candidates,1,17873,
OOPS! ABSOLUTELY NO ONE SHOWED UP For NYC Debut Of Beyonce’s Clothing Line…Is Her RADICAL Super Bowl Performance To Blame?,0,15847,
Senators ask Treasury to probe U.S. links to 'Panama Papers' firm,1,19896,
weiner sings like a bird as dickileak provides exit as huma sequestered by fbi at mount weather  after humas  emails foundno longer together,0,9523,
U.S. top court to set guidelines for Trump treatment of non-citizens,1,12347,
First Lady Melania Trump Defies Critics…Rocks Beautiful Stilettos On Second Trip To Texas [Video],0,14356,
Some German parties reject far-right's candidate for parliamentary post,1,7194,
nintendo cuts fullyear sales operating profit forecasts,0,7381,
 Marvel Vows To Boycott Georgia If Discriminatory Religious Liberty Bill Becomes Law,0,23230,
ROSEANNE BARR PAID HIGH PRICE For Crossing Hillary: My Show Was Cancelled By “Rapist Bill Clinton” For Interviewing Paula Jones [VIDEO],0,8681,
"Trump reelection campaign raised $10 million in third quarter, spent $1.1 million on legal fees",1,21571,
Egypt praises Trump criticism of media coverage of attacks,1,5174,
 Candace Cameron Bure VISIBLY Upset On Fox News Over ANYONE Joking About Hell (VIDEO),0,5230,
UK Brexit campaign probed over possible breach of campaign finance rules,1,3338,
"Vast majority of suspects in graft probe agreeing to settle, crown prince says",1,15406,
Sanders' tax returns highlight contrast with rival Clinton,1,11159,
BREAKING: MUSLIM OPENS FIRE ON JOURNALISTS [Video],0,20414,
CHILLING: How America Looks After 8 Long Years With An Anti-American President,0,17505,
GERMAN RESIDENTS FIGHT BACK: Anti-Islamic Song With No Words Knocks Adele Off Top Spot,0,9517,
COLLEGE QB Kneed Out Of Anger Over Trump’s Remarks About NFL Players Disrespecting Our Flag…Immediately Gets Bad News From Coach,0,11221,
Senate delays healthcare vote as McCain recovers from surgery,1,5037,
COLLEGE SOCIALIST GROUP Incites Children To Yell: “Kill Donald Trump!” [VIDEO],0,14989,
Argentine president calls Trump a 'very tough negotiator',1,3718,
" Kellyanne Conway Announces Trump’s HUGE ‘Thank You’ Gift To Putin, And It’s Treasonous As F*ck (VIDEO)",0,3304,
Berlusconi suggests Italian general could be next prime minister,1,874,
ACCUSED RAPIST BILL CLINTON Has 4 NEW Accusers…Claim He Sexually Assaulted Them While Flying Around On ‘Air F**k One’,0,22288,
 Man Says He ‘Didn’t Mean To Offend Anyone’ With Float Featuring Trump Executing Hillary (IMAGE),0,20646,
Anti-nuclear campaign group wins 2017 Nobel Peace Prize,1,3638,
Senator Paul suffers five broken ribs after assault: reports,1,5102,
HOLLYWOOD HYPOCRITES MATT DAMON and RUSSELL CROWE Reportedly Helped Kill NYT’s Story That Could Have Exposed Harvey Weinstein 13 Years Ago,0,9133,
 GOP Candidate Completely Screws Up And Admits What Republicans Are Really About (VIDEO),0,10770,
Nigeria's cabinet meeting canceled for second time since Buhari's return,1,4485,
Families fleeing Syria's Raqqa say air strikes bring heavy toll,1,753,
" Yes, Hillary Was Wrong About Reagan, But Her Owning It Tells Us So Much More (VIDEO)",0,23755,
 SNL Parodies All-White Oscars In Brutal Smackdown (VIDEO),0,13026,
U.S. Senate panel still negotiating with Flynn over documents: congressional aides,1,7520,
Lebanon's president says crisis over with PM Hariri's France trip,1,17100,
WHOA! 3 WELL-KNOWN Democrats Go NUCLEAR On Hillary Clinton And Her Supporters [VIDEO],0,8814,
Obama to meet Turkey's Erdogan in China on September 4,1,9710,
Putin says U.S. hacking scandal not in Russia's interests,1,2236,
Senate approves major tax cuts in victory for Trump,1,16483,
"Factbox: Trump on Twitter (November 29) - Matt Lauer, North Korea, Tax Cuts",1,18908,
 Sean Spicer: Donald Trump Does Not Own A Bathrobe (IMAGES),0,12235,
Danish submarine owner admits dismembering body of Swedish journalist: police,1,18155,
ANDREA MITCHELL STAMMERS Recalling Bill Clinton’s ‘Faulty’ Testimony In Paula Jones Deposition [Video],0,9614,
Russian billionaire under investigation in France,1,21580,
Justice Department weighs changes to Obama-era financial task force,1,5543,
YIKES! SHOCKING FOOTAGE Of Black Lives Matter Protesters Being Hit By Vehicles Caught On Camera [VIDEO],0,17447,
France to skip 2018 Winter Games if security not assured,1,21733,
"EU threatens Hungary, Poland with fines if refuse refugees",1,2055,
Syrian army nears Islamic State stronghold al-Mayadin,1,16316,
Clinton hits rivals on immigration in California campaign swing,1,2638,
captions,0,15157,
Exxon must confer with New York AG on Tillerson emails: judge,1,144,
"Despite tensions, U.S. sees value in New START treaty with Russia",1,7635,
"Britain raises security threat level to critical, PM May says",1,10368,
 Donald Trump Colorado Campaign Office Is Literally Run By A Kid (VIDEO),0,10502,
 RNC Official Retweets Article Calling For Sen. John McCain to ‘F*cking Die Already’,0,3847,
One person shot in Portland as anti-Trump protesters cross bridge: police,1,16415,
95 YR OLD WWII VETERAN Writes Scathing Letter To Obama: “I can’t figure out what country you’re the president of”,0,19579,
 Dan Rather Brilliantly Rips Trump’s Lawless Week In SCATHING Facebook Post,0,16673,
 Fox News Host Calls GOP Out On Voter ID Laws And Conservatives Go INSANE (VIDEO/TWEETS),0,6681,
U.S. House may consider bill to fund government for a week: source,1,17182,
" WATCH: Unfortunate Bug Lands In Trump’s Hair During Rally, Can’t Seem To Escape",0,16907,
Progressive Lunacy: PETA Claims Indonesian Monkey Owns ‘Selfie’ Copyright,0,23882,
U.S defense secretary apologizes after American charged in Japanese woman's death,1,11908,
Donna Brazile FINALLY Admits To Giving Hillary Questions Before Debate…Will Media Hold Crooked Hillary Accountable For Accepting Questions? [VIDEO],0,5146,
Insurgents burn bus in southern Thailand,1,1442,
Saudi police release teenager detained for dancing in street,1,12767,
Puerto Rico takes restructuring law to U.S. high court ,1,6824,
Clinton says she understands U.S. voter concerns about emails report,1,686,
Germany's Merkel says Paris climate accord is an 'essential' pact,1,11359,
on this awful election day is there a silver lining for america,1,15977,
 Stephen Colbert Mercilessly And Hilariously Mocks Unprepared Bundy Terrorists (VIDEO),0,24338,
 Donald Trump Gets Mercilessly Mocked For Calling His Pathetic Apology A ‘Great Success’,0,10436,
TRUMP WAS RIGHT! Why The Heck Is This Liberal Political Hack Moderating Tonight’s Debate?,0,550,
 WATCH: Donald Trump Fits In Perfectly As Villain On Game Of Thrones Mashup,0,22344,
UPDATE: CRUZ COMMENTS On His Desperate Vote Shaming In Iowa,0,8760,
FOUR TRIGGERS FOR THE NEXT TITANIC ECONOMIC RECESSION,0,7044,
MAJOR COSMETIC Company Announces Plans To Release ANTI-TRUMP Hair Product…#BOYCOTT,0,1937,
 WATCH: Trump Supporter Gets Totally CRUSHED By Robert Reich For Defending Anti-Labor Cabinet Pick,0,2539,
"From bikers to truckers, pro-Trump groups plan forceful presence in Cleveland",1,11364,
Kremlin: U.S. lethal weapons supplies to Ukraine won't promote stability,1,19486,
Shame! Last Hope To Kill Iran Nuke Deal Blocked In Senate,0,5136,
"Under pressure to act against Kurds, Iraq has limited options",1,13248,
what modern south korea is like,1,6406,
Lebanon president says stability is 'red line' after PM quit - justice minister,1,1904,
 ISIS’ Blasphemous Ramadan Attacks Prove They’re Not Muslims At All,0,289,
cops fire tear gas on water protectors as they attempt to reclaim sacred land,0,4748,
THE DEEP STATE SPEAKS: Clapper and Brennan Threaten Trump During Aspen Institute’s Lefty Gaggle [Video],0,24066,
"France, Germany want Iran to reverse ballistic missile program",1,197,
GIVE ‘EM HELL JESSE: Shouldn’t you Democrats start focusing on winning instead of whining? [Video],0,16428,
 You Won’t Believe The Insane Anti-Obama Bullsh*t This Idiot ACTUALLY Wrote To His Local Paper,0,10438,
 Donald Trump Learned A New Word And It Should Give You Chills (VIDEO),0,10356,
Islamist militants 'taken out of action' in Mali: French military,1,22504,
 Stephen King Tweets ULTIMATE Sean Spicer Insult That Is Pretty Goddamn Funny (TWEET),0,14697,
Democratic Senator Murray thinks bipartisan Obamacare deal still possible,1,22449,
Israeli police resume interview of Netanyahu in corruption probe,1,1918,
Trump says current Fed chair Yellen is 'excellent',1,6014,
Puerto Rico governor vows statehood push after referendum win,1,19629,
 Fox News Says Non-Whites Should Only Be Depicted On Separate But Equal Novelty Money (VIDEO),0,7710,
 Why Is The ‘Y’all Qaeda’ Militia Being Mostly Ignored By Law Enforcement?,0,13198,
Trump nominates Democrat Rosenworcel to serve again as FCC commissioner,1,10958,
 Ann Coulter: Trump Doesn’t Need GOP’s Support – ‘He IS The Party’ (VIDEO),0,466,
 WATCH: GOP Congressman Goes Full RACIST On First Night Of Convention,0,658,
ABC NEWS Gets DESTROYED On Twitter For Waiting Several Hours To Admit They Got Major Detail In Flynn Story Wrong…#FakeNewsABC,0,22068,
FORMER MEXICAN PRESIDENT Tries To ‘Make Nice’ With Trump…TRUMP’S Response Is Awesome! [Video],0,5610,
"Exclusive: From cyber unit to troops, South Korea adds extra layer of Olympics security amid tensions",1,9322,
" Captain ‘Murica: Civil War – Theft, Fraud, Booze And Brawling Are Wrecking The Bundy Revolution",0,19824,
Nominee for U.S. Army secretary warns about impact of further troop cuts,1,4577,
Congress to start undoing Obama-era regulations this month: leader,1,20589,
"Liberians vote in historic, delayed election",1,20268,
Jones certified U.S. Senate winner despite Moore challenge,1,8812,
Trump scales back tax cuts in new economic plan,1,16308,
Trump's go-to man Bannon takes hardline view on immigration,1,9969,
U.N. chief condemns North Korea missile launch,1,8411,
Special counsel Mueller asks White House for Flynn documents - New York Times,1,10507,
londons first underground farm produces herbs,1,1411,
BILL CLINTON RECENTLY CAUGHT Making Racist Remarks: Obama’s Presidency Will Cause White Working Men To Die Sooner,0,10343,
herbal teas with highest antioxidants,0,8366,
"Thousands rally in Philippines, warn of Duterte 'dictatorship'",1,2304,
flitzer auf dem spielfeld schachwm muss kurzzeitig unterbrochen werden,0,10695,
Trump offers to mediate talks on Qatar crisis,1,4735,
rufschädigung brauerei verbietet eukommissar den namen oettinger zu verwenden,0,1047,
Obama says $38 billion Israel aid package to help ensure security,1,12825,
PRESIDENT AND FIRST LADY Attend Military Families Picnic…With A Very Special Guest! [Video],0,7032,
 Black Woman SHUTS DOWN Hundreds Of Marching Neo-Nazis With One Powerful Message (VIDEO/IMAGES),0,2358,
Trump says he has not obstructed FBI's probe Russia probe: Fox News,1,19352,
CHIP OFF THE OLD BLOCK: Harvard Bound Malia Obama Caught In Frat House Picture With Large Party Bong,0,3908,
"Factbox: Trump on Twitter (July 19) - Republican Senators, Healthcare bill, McCain",1,4444,
 Sean Hannity Barely Spends 6 Seconds On Last Night’s Drubbing – Revisits Trump ‘Victory’ Instead,0,6352,
"Factbox: Corporate alternative minimum tax threat hits pharma, tech",1,14206,
the penalty for treason is video,0,15898,
Russian bases in Syria are protected by air defense missiles: RIA,1,12977,
 Trump Finally Visited A Black History Museum And He Complained About The Cost,0,12035,
 WATCH: Reince Priebus Gives The Stupidest Reason EVER For Why It’s Totally Fine For Trump To Lie,0,6345,
Senate parliamentarian rules against tax bill provisions: Sanders,1,4356,
 White Supremacist Marine Kicked Out Of The Corps After Being Busted Doing Nazi Stuff,0,12768,
 France’s President Confirms He Intentionally Humiliated Trump With That Handshake (VIDEO),0,4693,
Tokyo Governor Koike: will examine steps to exit nuclear power dependence by 2030,1,15198,
 Hillary Just Showed The Whole World That She Can STILL Kick Trump’s A** (IMAGE),0,16772,
Iran fulfilling nuclear deal commitments: IAEA chief,1,2308,
"Japan, U.S. agree economic talks should produce 'concrete results' near term",1,22590,
China says sanctions won't help as Trump targets Venezuela,1,13181,
Legal Fears Push Newsweek to Delete Eichenwald’s Articles Used to Smear Sputnik News,0,613,
 It’s Not Over Yet: Jill Stein Files Federal Lawsuit Over Pennsylvania Recount,0,24033,
Women in male-dominated career fields watch a unique U.S. presidential campaign,1,3922,
 The Tweet Trump Sent THE DAY His Son Had Russian Collusion Meeting Is Disturbing As Hell,0,7383,
BREAKING: TEXAS COP STABBED 14 TIMES By Man Who “had a desire to kill a police officer”,0,8231,
THE VIEW’S LOUDMOUTH LIBERAL Joy Behar Calls Bill Clinton’s Rape Victims “TRAMPS” On Show Targeted To Women [VIDEO],0,10621,
"Trump speaks with leaders of five nations, his team says",1,13420,
Britain says Zimbabwe's new rulers must show resolve for democracy,1,16873,
 Sean Spicer Dreams Up Brand-New Fake Terrorist Attack To Defend Trump’s Muslim Ban,0,13260,
U.N. nuclear chief to visit Iran this weekend,1,2597,
Unlikely allies eye vote to legalize cannabis in New Zealand,1,2047,
Russia thinks Trump's new Afghan strategy will not bring benefits: Ifax,1,22808,
Mattis reaffirms U.S. alliance with Japan 'for years to come',1,10942,
clintons web of deception,1,20249,
reasons why you should try photography as a hobby,1,9327,
 Racist Swarm Fox News In Response To Protests In Charlotte And Their Comments Are Deplorable,0,15439,
OFFENDING THE GLOBALISTS: Teen Kicked Out Of UN Building For Wearing Bill Clinton “Rape” Shirt [VIDEO],0,116,
Trump: 'I don't see a deal' with Democrats on keeping government open,1,22904,
OBAMA COMMUTES 61 PRISONERS’ Sentences…Here’s the List Of Mostly Drug Dealers,0,16719,
Australia turns down NZ offer to take asylum seekers barricaded inside camp,1,15869,
"U.S., Germany urge China to release jailed activist",1,2956,
Saudi-led air strike kills 26 people in Yemen: medics,1,21351,
 We Sh*t You Not: Game Show Host Steve Harvey Given Role In Trump Admin (VIDEO),0,15041,
No Kidding! Hillary Clinton Campaign Funding The Broke Democratic National Committee,0,13863,
Florida senators seek funding for Hurricane Irma in Harvey bill,1,9398,
White House weighs possible Supreme Court nomination of Gov. Sandoval: source,1,23415,
Lebanon's Hariri must return home from Saudi to prove he is free: foreign minister,1,9923,
Letter with granular matter sent to Trump's son in New York,1,6942,
ARE THE ANTI-TRUMP PROTESTS Becoming The New “Ferguson” For Illegals And Democrats? [Video],0,3713,
 Elizabeth Warren Did NOT Mince Words In Her Reaction To Trump’s Presumptive Nomination,0,4932,
 Sarah Palin Hopes This Dead Boar Will Convince You To Vote For Trump (SCREENSHOTS),0,21784,
Top U.S. diplomat in China quits over Trump climate policy,1,24261,
Colombia's FARC rebels to meet Kerry in Cuba during Obama trip,1,22501,
 WATCH: CNN Host Calls Out Trump Supporter For Urging People To Grab Their Guns If Trump Loses,0,21238,
 Watch Allison Janney Take Over For Josh Earnest The Only Way She Knows How – As CJ Cregg (VIDEO),0,10080,
" In Public, Trump Calls The Investigation A Witch Hunt – In Private He’s Trying To Influence Mueller",0,18175,
BRUCE SPRINGSTEEN Reveals The Shocking Truth About His Rock Anthem “Born In The USA”,0,12021,
 Trump’s Policy Adviser? A Former Lobbyist With Ties To An African Warlord,0,4576,
South Korea paying for THAAD 'impossible': presidential frontrunner's aide,1,21699,
Singaporean blogger released after winning U.S. ruling for asylum,1,3294,
"Turkish capital bans LGBT cinema, exhibitions",1,3161,
Hong Kong 'milkshake' murderer challenges her life sentence,1,9149,
New Zealand likely to announce new government by end of week,1,17192,
Greek pensioners protest against government that 'took everything',1,14574,
 Chris Cuomo STUNNED As Trump’s Advisor Blames Hillary For Melania’s Plagiarized Speech (VIDEO),0,2434,
Rights groups ask China to stop detaining its critics,1,17589,
U.S. will not interfere in EU trade with Iran: Tillerson,1,18718,
PASS THE POPCORN: BILL CLINTON “INCENSED” BY NEWS OF BIDEN RUN FOR PRESIDENT,0,5086,
Trump to nominate Elaine Chao for transportation post: source,1,11934,
 Trump Goes Birther On Federal Judge Presiding Over Trump U Fraud Case: He’s A ‘Mexican!’,0,8688,
"Russia, Saudi Arabia cement new friendship with king's visit",1,2121,
Airlines get ready for new U.S. security rules from Thursday,1,7296,
 Marco Rubio DEFENDS Trump Calling Mexicans ‘Rapists’: “I Give Him Credit!’ (VIDEO),0,13226,
Unreal! Minnesota Governor Tells Constituents To Leave The State If They Don’t Like The Massive Influx Of Muslims [Video],0,11818,
"Trump, Pence meeting in New York on Cabinet picks",1,20475,
U.S. suspends official travel to Myanmar's troubled Rakhine,1,9078,
"No deal: bridge is not a sport, EU rules",1,17886,
Indonesia labels calls for U.S. boycott over Jerusalem move 'misguided',1,11032,
IS CROOKED HILLARY Getting Ready To Compete With Creepy Joe Biden In 2020…As Both Career Politicians Fight For Credit Over Dem Seats Won In BLUE STATES Last Night,0,20302,
"Turkey's Erdogan to visit Russia, Kuwait on November 13, 14",1,1351,
 Maddow DESTROYS Trump’s ‘Dangerous’ Move In His Most Hateful Campaign Stop Yet (VIDEO),0,13597,
LET’S PLAY! CAN YOU ANSWER The 21 Questions That Every American Should Know?,0,3383,
 Trump’s Possible DHS Pick Threatened To DESTROY Medical Examiner For Exposing Sickening Truth,0,11184,
 Republicans Are Literally Plotting An Intervention With Trump To Save Their Party,0,9159,
BENGHAZI SPOKESLIAR SUSAN RICE TELLS CNN: ‘We should expect’ Iran To Use Funds It Gets For Terrorist Operations [VIDEO],0,21299,
PRESIDENT TRUMP WARNS Comey…Tweets Veiled Threat To Former FBI Director,0,1210,
Trump nominates Callista Gingrich as ambassador to Vatican,1,7966,
 MAJOR Republican Celebrity Turns On Trump; Fans SHOCKED (TWEETS),0,7331,
MAXINE WATERS TELLS THE “GREATEST DESIRE” FOR NASTY DEMS: “To Lead Trump Right Into Impeachment” [Video],0,16809,
KILL LIST OF REPUBLICANS Found On Body Of James Hodgkinson…The Dem Hate-Speech Is Working,0,11998,
France's Macron urges continued EU ties with Turkey,1,22579,
"Cholera could resurge in Yemen due to lack of aid, fuel: WHO",1,12754,
Latest Hillary Clinton bio for kids highlights successes and failures,1,967,
Britain's Johnson: We will stress importance of free trade and NATO to Trump,1,17835,
 ‘Go Back To Your Own Country’: Right-Wing Bigot Shoots Man In Fit Of Anti-Immigrant Rage,0,19937,
BREAKING BOMBSHELL: Obama’s Foreign Policy Guru Admits To SHOCKING LIES Obama Told To Sell Americans On IRAN Deal,0,645,
"Trump aims to expand U.S. offshore drilling, despite low industry demand",1,18451,
"Potential Shift: Trump Warns Israel, ‘New Settlements May Not Help Peace in Middle East’",0,207,
Democrats amass support to force showdown over Trump Supreme Court pick,1,3812,
"Six police wounded, one killed in shootings near Indonesia's Freeport mine",1,20368,
 Trump’s Superstar Attorney For Trump U. Case Is A HUGE Hillary Clinton Backer,0,11561,
 Twitter Just Banned A Major Trump Ally For Threatening Journalists (SCREENSHOTS),0,672,
Blackwater founder Prince weighing U.S. Senate run: New York Times,1,15853,
TRUMP LEAVES CLINTON PUPPET George Stephanopoulos Wishing He Wouldn’t Have Asked That Question…[VIDEO],0,13580,
Chicago to sue Trump administration over sanctuary city funding threat,1,13140,
Irish finance minister says prospect of election 'unconscionable',1,21550,
" Gary Johnson To Paul Ryan: Trump Endorsement A ‘Mistake,’ Man Up And Admit It (VIDEO)",0,8675,
Trump to drop climate change from environmental reviews: Bloomberg,1,679,
WOW! Watch Former Democrat Hammer Obama On His Weak Leadership And Hatred For America,0,2621,
 Native American Woman Hits Trump’s ‘Make America Great Again’ Right Where It REALLY Hurts,0,19590,
"Trump, Sanders Win Big In Michigan – Trump, Clinton Take Mississippi",0,10357,
ANTI-TRUMP RADICAL Taunts TRUMP Supporters With ISIS Flag Photo And Beheading Video,0,7476,
"“Non-violence hasn’t worked”…Reverend Sam Mosteller, Leader of Group Founded By MLK Calls On Blacks To Take Up Arms",0,20507,
 You Won’t Believe The Racist Image Trump Just Tweeted About Megyn Kelly (IMAGE),0,12741,
Venezuelan opposition pins hopes on elections as protests falter,1,8823,
"Chinese fans prepare to welcome rich, powerful, 'free-spirit' Trump",1,23424,
JUST IN: FCC VOTES To Repeal Obama’s Net Neutrality Rules After BOMB THREAT Clears Room,0,13238,
 TX Professors Told Not To Upset Armed Students To Avoid Shootings Following ‘Campus Carry’ Law,0,8635,
Russian riot police detain opposition protesters in St Petersburg: Reuters witness,1,9261,
no title,0,19470,
Trump's pick to lead health agency calls EpiPen issue 'disturbing',1,7295,
THIS INTERNATIONAL COMPANY Is Luring Refugees And Illegals To America…Do You Buy Meat From Them?,0,12816,
" Oh, How The Handsome Have Fallen: Gainesville ‘Hot Cop’ Turns Out To Be Hiding Some Nazi Tendencies",0,20490,
Wikileaks: NSA Spied on UN Secretary-General and World Leaders’ Secret Meetings,0,15357,
North Korean envoy ignores U.S. call for testing freeze in U.N. speech,1,5796,
 Father Of Orlando Shooter Says His Son Got ‘Angry’ When Seeing Two Men Kiss (VIDEO),0,8724,
OOPS! MEGYN KELLY Still Tied To FOX…Refuses To Work With Matt Lauer’s TODAY Show Producer,0,16304,
Democrats settle with Arizona officials in suit over primary voting problems,1,15011,
cop crashes car and runs away when more cops arrive,0,13433,
VIOLENT DEMOCRATS Punch And Harass TRUMP Supporters…Burn Flags At Fundraiser [Video],0,1266,
time investigating hillary is an attack on all women,1,19395,
Kabul mosque attack: four-year-old called to safety,1,14351,
 Ohio Fireman Suspended Indefinitely Over Extremely Racist Facebook Post (VIDEO),0,15222,
" Homeless Veterans Group Asked Trump For A Donation, So He Sent Them Bumper Stickers",0,163,
France expects slow but massive impact from labor reforms: minister,1,10946,
Scaramucci awaits U.S. approval for China deal,1,6218,
THE VIDEO HILLARY CLINTON Does NOT Want You To See,0,21991,
" Republicans Silenced Elizabeth Warren For Opposing Jeff Sessions, But Her Response Will TERRIFY Them (TWEETS)",0,16505,
(VIDEO) REMEMBER DEATH PANELS IN OBAMACARE? THEY’RE BAAAAACK!,0,6170,
"Schaeuble to head German parliament, unblocking coalition talks",1,9466,
Hungary PM warns against eroding free movement for EU citizens,1,23042,
U.S. diplomat Nuland says optimistic about Ukraine reforms,1,20166,
the latest clinton to unveil antibullying plan,0,568,
Trump defends remarks on veterans and mental health,1,21430,
Presidential candidate Clinton promises to prosecute police killers,1,13239,
MEDIA FREAK OUT! Watch MSNBC Cut Mic Of Black Trump Supporter…Mention Bogus KKK Scandal 6 TIMES In 3 Minute Segment,0,19674,
Guess Who’s Offended Now? This Walmart Costume Set Off A Firestorm Of Complaints So I Think I’ll Buy It,0,23774,
 Did Hillary Clinton Seriously Criticize Bernie Sanders’ Grandchildren? (VIDEO),0,8011,
" Hillary Breaks Silence On GOP Health Care Bill, Brilliantly Shuts It Down (TWEETS)",0,9342,
Trump administration imposing new email security protocols for agencies,1,276,
solar winds spur geomagnetic storm that may affect power,0,18042,
 WATCH: Fox Host Chris Wallace Scolds Fox & Friends For Saying Russia Investigation Is Over,0,4391,
Austria's conservative-far right government says will be reliable EU partner,1,15994,
"Sanders vows to help Clinton beat Trump, but keeps campaign alive",1,4926,
 Hilarious Video Shows The Moment Bernie Discovered He’s Related To His SNL Impersonator,0,17310,
Spicer says he let Trump down with comments comparing Assad and Hitler,1,9918,
Pope decries 'irrational' attitude towards nuclear weapons,1,19454,
" I Let A Pit Bull Near My Baby, And This Is What Happened (IMAGES)",0,8221,
Indonesia detains owner after deadly fireworks factory blaze,1,14750,
nintendo cuts fullyear sales operating profit forecasts,0,19861,
Judge orders search of new Clinton emails for release by September 13,1,19859,
"Illinois House to take up governor's budget, tax vetoes",1,18855,
Chad withdraws troops from fight against Boko Haram in Niger,1,21726,
Thailand seeks air safety rating upgrade by U.S. aviation body,1,16101,
 O’Reilly And Trump Bond Over Sexual Harassment In Alec Baldwin’s Most Creative SNL Skit Yet (VIDEO),0,10274,
" President Obama Just Revealed His New Career, And It Could Be Awesome",0,23462,
WATCH STANDING OVATION For The Trump Family As They Arrive for Christmas Eve Service [VIDEO],0,10121,
"Turkish ex-coastguard commander, 24 others jailed for life in coup trial",1,9713,
U.S. 'very concerned' by violence around Iraq's Kirkuk: State Department,1,8723,
Ousted Hong Kong lawmakers ordered to pay hefty expense bills,1,7986,
HILLARY CAUGHT IN THE ACT OF Breaking The Law In NY To Get Votes [VIDEO],0,857,
EXPOSED: Facebook Blacklists Conservative News & Falsified ‘Black Lives Matter’ Trend,0,760,
 Big Corp. Is So Afraid Of A Liberal SCOTUS They Just Settled A MASSIVE Lawsuit,0,3199,
 Bernie Sanders SKEWERS Trump And Cruz For Their ‘Unconstitutional’ Profiling Of Muslims (VIDEO),0,8740,
" George Will Is Leaving The Republican Party, And Burning His Bridges – Guess Why",0,9740,
U.S. hopes easing limits on Cuba will boost reform in Havana: officials,1,7354,
"Myanmar's Rohingya suffered for years, need lasting solution: Turkey",1,9641,
UNHCR alarmed at violence against Rohingyas in Sri Lanka,1,18437,
"An Obama, not the president, brings down the house at Democratic convention",1,12927,
 WATCH: BIll Maher Noticed Something Really Disturbing About Trump’s RNC Speech,0,3052,
"Turkey's talks with U.S. on visa crisis going in 'good direction', Erdogan spokesman says",1,3766,
First German immigration law on agenda as Merkel seeks coalition,1,20301,
EPA abandons changes to U.S. biofuel program after lawmaker pressure,1,2955,
Russia denies it bombed U.S.-backed militias in Syria - RIA,1,3325,
"Obama, ASEAN discuss South China Sea tensions, but no joint mention of China",1,19534,
NORDSTROM CANCELS IVANKA TRUMP BRAND After Liberal Complaints #BoycottNordstrom,0,9673,
What we know about U.S. probes of Russian meddling in 2016 election,1,1390,
‘I WAS STUNNED’: John Kelly Defends Trump’s Phone Call to Green Beret Widow [Video],0,23149,
 Racist NYPD Cops Threaten To Tase Black Children For Walking Down The Street (VIDEO),0,7145,
Trump-Russia revelations raise hopes for U.S. sanctions bill,1,19305,
German police check more suspicious parcels after Potsdam explosive package,1,3782,
SPD leader promises to push Germany to embrace Macron,1,14214,
CNN TRIES TO Push FAKE Story About Size Of New England Patriots’ Crowd At White House…PATRIOTS Call Them Out For Lying!,0,21346,
see real voting system rigged for election theft  bev harris,0,17869,
 Rubio And Cruz Launch Weird Anti-Trump ‘Yoga’ Routine To Boost Donations (TWEETS/VIDEO),0,6879,
Trump campaign manager Manafort offered to brief Russian billionaire during 2016 race: Washington Post,1,4573,
Pacific nations crack down on North Korean ships as Fiji probes more than 20 vessels,1,18100,
"Czech parliament picks speaker, opens way for new prime minister",1,6505,
"As Republicans aim to ride economy to election victory, a warning from voters in key district",1,4292,
 GOP Bill To Derail Iran Deal Goes Down In Flames After 100+ Republicans Forget To Show Up To Vote,0,5612,
BREAKING: BROTHER Of Las Vegas Massacre Suspect Has Been ARRESTED In California,0,1840,
Trump says 'only one thing will work' with North Korea,1,15610,
Trump pick for China ambassador sees 'win-win' boost to trade ties,1,15264,
Democrat And Media Allies Attempts To Crush Black GOP Candidate Backfire: Carson Beating Trump In Every National Poll,0,19834,
JUDGE NAPOLITANO: “We Are in Danger of Losing Free Speech” After Berkeley Travesty,0,22394,
 Fox News Host Jesse Watters Takes ‘Vacation’ After Disgusting Comments About Ivanka Trump,0,10905,
Segregation fans fears of fresh 'cleansing' in Myanmar's Rakhine,1,3737,
Senate presses ex-Trump aide's son for documents in Russia probe: source,1,14274,
EU states see Britain failing to meet Brexit divorce terms,1,8370,
"Australia, citing concerns over China, cracks down on foreign political influence",1,124,
"TUCKER CARLSON EXPOSES REFUGEE CONTRACTOR Who Got $43 Million From Feds…Gets $200,000 Salary! [Video]",0,2579,
 WTF: Ted Cruz Tried To Block Aid To Flint Before Backlash Forced His Hand,0,20066,
JUDGE NAPOLITANO AGREES WITH TRUMP: AG Sessions Shouldn’t Have Recused Himself [Video],0,11733,
Kenya officials change way of announcing election results,1,464,
Obama to sign Puerto Rico debt bill on Thursday: White House,1,8827,
 Young Republicans Chairwoman Resigns Over Trump – Here’s The AMAZING Reason Why (IMAGES),0,11871,
 Neil DeGrasse Tyson Gets Uncharacteristically Political; Says Trump Is A ‘Threat To Democracy’ (VIDEO),0,472,
 NC Governor Robs Disaster Relief Fund To Hire Lawyers To Defend Trans Bathroom Bill,0,3071,
"Boeing, aerospace manufacturers back U.S. tax overhaul",1,18070,
" WH Staffer Explains Trump’s ‘Calm Before The Storm’ Comment, Proves He Shouldn’t Be POTUS (VIDEO)",0,1681,
TV EXECUTIVES In Discussion About CANCELLING Thursday Night NFL Games,0,2377,
HILLARY USES Fake Accent In “Victory” Speech To ATTACK POLICE…Wants To “Build On Record And Accomplishments Of President Obama”,0,21860,
 Trump Gets Torn To Shreds After His ‘FAKE NEWS’ Twitter Tantrum Stretches Into Another Day (TWEETS),0,14096,
jason chaffetz exposed hillary clintons plan to bribe fbi agents to let her go,0,8559,
"The CIA Doesn’t Need To Spy On Free Thinkers, The Private Sector Does It For Free",0,17494,
 CNN Panelists Laugh In Trump Advisor’s Face After He Says THIS About Hillary (VIDEO),0,1972,
" Did Ron Paul Just Confuse Al-Qaeda With ISIS, Or Does He Simply Not Know The Difference? (TWEETS)",0,10780,
Justice Dept. delivers documents on wiretap claim to Congress,1,9158,
Trump's tax cut proposal shines light on MLPs,1,4294,
WATCH: NBC’S CHUCK TODD Attempts To “Normalize” ANTIFA TERROR GROUP…Interviews DARTMOUTH PROFESSOR Who Claims Violence Against Trump Supporters Is “Self-Defense” and “Ethical”,0,11853,
 New Poll: WAY More Americans Want Trump Impeached Than Approve Of The Job He Is Doing,0,24147,
 Trump Gets His A** Handed To Him By British Lawmakers For Lying About Rising Crime Rate In UK,0,6130,
Nephews of Venezuela's first lady sentenced to 18 years in U.S. drug case,1,6700,
Kremlin hits at Twitter's 'prejudiced' move against two Russian media outlets,1,22270,
"HILLARY CLINTON: We All Know She’s Deceitful And Dishonest, But I Bet You Didn’t Know This…",0,2040,
Magnitude 6.4 aftershock hits off New Caledonia: USGS,1,23363,
Senators question Goldman Sachs on its role in Trump banking policy,1,21362,
REPORTER CONFRONTS State Department Over DC Visit By Al Qaeda Tied Terror Group [Video],0,879,
German president says all parties have duty to try to form government,1,7902,
things you need to know about trump and sex slave island,1,14696,
MOOCH FOR PRESIDENT? Surprising New Poll Shows How Michelle Stacks Up Against Hillary In 2016 Presidential Bid,0,6248,
uci picks iran outfit as best cycling team in asia,1,9671,
Senate Democratic leader urges removal of House intel panel chair,1,14452,
 Trump Tells China To Keep Our Navy Drone And Gets POUNDED For Being So Unstable,0,5081,
"U.S. lawmakers probe Fed cyber breaches, cite 'serious concerns'",1,5751,
BREAKING NEWS ON CLINTON INFORMANT’S Gag Order Will Have Hillary Shaking In Her Pantsuit,0,23707,
Romania's ruling party endorses government reshuffle plan,1,10989,
Lebanese president says PM Hariri has been 'kidnapped': official,1,10912,
 Trump Gets PUMMELED During TODAY Show Interview; Matt Lauer Did NOT Hold Back (VIDEO),0,9062,
 Trump’s Response To Special Counsel Shows Just How Bad Things Really Are,0,11779,
Donald Trump's unlikely villain: piano-playing Reince Priebus,1,7714,
"Syrian army, allies step up attacks on last militant bastion in Deir al-Zor city",1,13645,
 Watch This Awesome Mashup of Michael Flynn Leading The ‘Lock Her Up’ Chant As He Goes Off To Court (VIDEO),0,1612,
 Melania Quite Possibly Tried To Troll The Press With Her Style Of Blouse At The Debate,0,17336,
"Treasury pushes U.S. regulatory interests, setting scene for clash",1,5291,
les américains ne sont plus quà quelques heures dêtre enfin tranquilles pour quatre ans  le gorafi,0,3653,
ARE THE #NeverTrumpers COMING AROUND? Jeb’s Son Tells Texans To Get Behind Trump,0,15644,
North Korean mock-up birthday video shows missiles blowing up U.S.,1,8872,
"Kim Jong Un praises nuclear program, promotes sister",1,17247,
Seven U.S. states still without budgets a week into new fiscal year,1,19413,
 UNBELIEVABLE: Florida High School Students Wear KKK Outfits To School For Homecoming (VIDEO),0,14327,
" Democrat Examines Trump’s Latest Twitter Meltdown, Asks The ONE Question We Were ALL Wondering (DETAILS)",0,5740,
"WATCH: SMARTPHONE CAPTURES NEW BOATLOAD OF “Scared, Hungry Women and Children” On Their Way To Europe…While 6.6 MILLION More Are Waiting To Cross",0,17207,
 Conservatives Are Now Threatening The Family Of The Journalist Who Released Trump’s Taxes (TWEETS),0,24095,
Hillary Clinton’s Voodoo Doll Obsession Revealed: ‘Stick them full of pins’,0,13408,
life animal rights win the san diego zoo has taped telescopes to all of their animals heads so that they can look at the planets,0,23319,
donald trump and the disabled reporter the whole truth and not the spin put on by the media,0,20142,
MEET THE TRUMPS: In Case You Missed It….Here’s Barbara Walters Exclusive Interview With The Trumps [VIDEO],0,6731,
 Washed-Up Actress Kirstie Alley Whines About Obama’s Flood Response In Pathetic Tweets,0,13134,
FINALLY! THE 538 ELECTORAL COLLEGE MEMBERS Cast Ballots Today…What You Need To Know About The Process,0,4808,
Obama says China would not take change in U.S. policy on Taiwan lightly,1,7968,
"WATCH: ONE WOMAN Reports The Weather In Sweden, The Other In Iraq…What’s Wrong With This Picture?",0,14032,
Trump slaps sanctions on Venezuela; Maduro sees effort to force default,1,13491,
 North Carolina’s Religious Freedom Law Is About To Cost The State BILLIONS,0,4070,
 Trump Attacks Union Leader Who Called Him Out For ‘Lying His Ass Off’,0,21274,
DEADBEATS BEWARE: Trump’s Food Stamp Reform Is Your Worst Nightmare,0,11986,
BREAKING: FL GOV RICK SCOTT Calls for FBI Director to Resign,0,11981,
Pro-Kurdish opposition leader's trial opens in Turkey,1,3070,
Iowa moves to cut Medicaid funding for Planned Parenthood,1,990,
South Korea to review whether or not to abolish anti-abortion law,1,5626,
"TEEN VOGUE Publishes Article To Teach Teen Girls How To Have Anal Sex: “ANAL 101, for teens, beginners”",0,23934,
CSX resumes normal train operations into parts of Georgia: statement,1,21631,
Trump's stop in Vietnam a poignant one for U.S. veterans,1,20544,
THAT’S GONNA LEAVE A MARK…Anti-Trump Punks Attack CA Police…Get BIG Surprise When Cops Hit Back! [VIDEO],0,10397,
"Waving German flag, far-right and anti-Islam groups rally together before vote",1,17855,
 Giuliani Gets Caught Lying About Not Seeing Hillary In NYC In Response To 9/11,0,14663,
"FEDS, CA STATE OFFICIALS IGNORED OROVILLE DAM WARNINGS…While Obama, CA Gov Brown Obsessed Over Spending $15 BILLION To Dig Two Controversial Tunnels",0,526,
 Trump Just Threatened To Jail Hillary If He’s Elected – Then She Blasted His Orange Face Off (VIDEO),0,7325,
 Trump Will HATE What Stephen Colbert Just Did To Him – It’s Pure Comedy Genius (VIDEO),0,4,
Qatar says no sign Arab states willing to negotiate over boycott,1,17849,
TEMPERS FLARE IN DC: BIKERS FOR TRUMP Break Through Protester Line…Rioters Trap Wife Of Trump Supporter…Trump Bikers Brawl With Masked Protesters [VIDEO],0,1911,
il se fait cryogéniser dans lespoir de voir un jour un président de la république de gauche  le gorafi,0,13149,
"In rare official appearance, Oman's ruler meets Iranian minister",1,14985,
"Washington Post Sloppy ‘Journalism’ Blames Russia for “Fake News” Crisis and Trump’s Win, While Pushing Neo-McCarthyism",0,20119,
Tillerson signaled U.S. policy of patience on North Korea is over: White House,1,19965,
wikileaks email hillary campaign struggles to reach fking dumb young people,0,21675,
 Clinton Ties With Trump In The Very Republican State Of Georgia,0,13256,
Climate doubter Pruitt takes EPA reins as Trump targets regulations,1,24263,
Pentagon's Mattis again seeks to reassure U.S. allies,1,3946,
"Former Welsh government minister, suspended in scandal probe, found dead",1,18762,
Grasping At Straws (The Illusion of Choice),0,86,
 Mitch McConnell Just Got Screwed By His Own Party: 16 GOP Senators Defect On SCOTUS Blockade,0,8747,
FBI interviewed Flynn in initial days of Trump administration: NYT,1,15303,
" Trump Doubles Down On Being An Ass To Australia, And Twitter BUTCHERS Him (TWEETS)",0,1620,
War and the prize: how some Nobel laureates turn away from peace,1,21961,
“GODFATHER OF FAKE NEWS” Brian Williams Calls Syrian Airstrikes “Beautiful”…Instantly Gets DESTROYED On Twitter,0,11395,
"They held a convention in Cleveland, and (so far) few protesters came",1,12666,
Trump’s foundation says it violated 'self-dealing' ban: IRS forms,1,15168,
LIBERALS BELIEVE: “OBAMA TOO BRILLIANT FOR REPUBLICANS”…THIS Is Why The Dems Lost The Election,0,937,
HOUSTON TEXAN PLAYERS THREATEN Owner For Telling NFL Team Owners “We can’t have the inmates running the prison” During Private Meeting,0,3577,
SHOCKING VIDEOS Prove That Hillary Is Willing To Endanger Lives In U.S. And Abroad To Protect Her Political Ambitions,0,19744,
LEFTIST DES MOINES REGISTER TELLS DONALD TO DROP OUT OF RACE…TRUMP DENIES THEM PRESS PASSES TO EVENT…Forces Them Sit With Packed Crowd Of Supporters,0,14412,
More votes than voters in many Detroit precincts: newspaper,1,16510,
Democrats in disarray on eve of convention to nominate Clinton,1,372,
China to prosecute former party boss of Chongqing,1,3978,
"Israeli veteran, government clash over alleged abuse of Palestinian",1,14180,
 Anonymous Posts Video Of Donald Trump That Shows How CRAZY It Would Be To Elect Him President,0,6559,
White House bars some news organizations from briefing,1,13259,
Puerto Rico oversight board favors more time for restructuring talks,1,8917,
HA! ATTORNEY FOR ROY MOORE Trolls Don Lemon On Air: ‘Don Lemon Easy Squeezy Keep It Easy’ [Video],0,16975,
FAMILY LIVING ‘TRADITIONAL LIFESTYLE’ TORN APART: POLICE SEIZE 10 Homeschooled “Off Grid” Children From Their Family,0,24203,
Obama says U.S. government must improve cyber security,1,2947,
Secret Service says no weapon was found in Trump incident,1,2158,
sex and the presidential city,0,11635,
U.S. aims for start this year on buying more military satellites,1,23436,
"In rightward shift, Dutch PM seals new government pact",1,24323,
"Trump to speak with leaders of Russia, Germany, France: White House",1,13552,
 Being Transgender Could Soon Mean You’re A Sex Offender In Arkansas If GOPer Gets Her Way,0,81,
Three lawmakers question Kushner Cos on concerns over White House tie,1,23458,
 A Fed Up Reporter Just Stood Up To Sarah Huckabee As She Was Smearing The Free Press (VIDEO),0,22784,
Trump's Islam comments draw attacks as Republicans discover civility,1,3350,
Goldman's Blankfein is only major financial firm CEO to join Trump on China trip,1,6582,
"Human rights, killings not addressed in Duterte-Trump talks: spokesman",1,2010,
Bid to stop heavy water purchase from Iran blocked in U.S. Senate,1,16959,
 Texas Super-Dolt Louie Gohmert SAVAGED For Licking Trump’s Boots Over London Response (TWEETS),0,20426,
China has no problem overcoming middle-income trap: social security fund chief,1,17826,
CHAMPION OF FOREIGN WORKERS: Hillary Gets Standing Ovation In India…”There’s No Way To Legislate Against Outsourcing” [VIDEO],0,3962,
 Stephen Colbert Made A Joke About Trump And Now The Government Is Investigating Him,0,17977,
Pennsylvania attorney general facing trial will not seek re-election,1,4723,
 Trump Adviser Confirms: Trump’s Immigration Policy Is Still Racist (VIDEO),0,18024,
PRESIDENT Promotes Made in America: Omaha Steaks Owner “Wanted to Kiss Me” for Reopening Trade with China [Video],0,16175,
Russia says too early to decide on U.N. resolution on North Korea: Interfax,1,10609,
WATCH: THINGS GOT REALLY AWKWARD When NBC Sent Hoda Over To Help Spike Megyn Kelly’s Miserable Ratings,0,9279,
Libyans dig for water in latest test for capital's residents,1,17388,
Kansai Electric to scrap two reactors in latest blow for Japan's nuclear sector,1,3816,
 Lawyers Trump Used To ‘Prove’ He Has No Russia Connection Won ‘Russia Law Firm Of The Year’ In 2016,0,22360,
"TRAYVON MARTIN’S MOM Goes On BLAME WHITEY Tour With Hillary, While His Dad Has BRUTAL Message That Could DESTROY Black Lives Matter",0,8881,
 ‘Satanic Giants Built Stonehenge’ Is Now A Thing With Creationists (VIDEO),0,3089,
kerry we have to worry about treatment of transgender people globally,1,23619,
Former Trump campaign adviser Page to testify in Russia probe on June 6: ABC News,1,6737,
GOP PRESIDENTIAL CANDIDATE MARCO RUBIO CASTS DECIDING VOTE ON OBAMATRADE…Never Even Read It,0,7655,
Romania senate backs bill seen in West as threat to judiciary,1,9524,
U.S. warns of sanctions on any country trading with North Korea,1,22785,
" Minutes After Saturday Night Live Sketch Ended, Trump Was Already B*tching About It (VIDEO)",0,10327,
Clinton campaign chief Podesta: FBI probing hack of his emails,1,9437,
 ACLU Issues Shocking Warning: It’s Not Safe To Travel In Texas,0,10755,
"Frankfurt to evacuate 60,000 people to defuse British WWII bomb",1,18075,
"How Trump's abrupt immigration ban sowed confusion at airports, agencies",1,7066,
"Asked to explain 'calm before the storm' remark, Trump talks North Korea",1,5992,
North Korea says U.N. envoy expressed willingness to ease tensions,1,8691,
Catalan leader says will proceed with Oct. 1 independence referendum,1,8114,
Britain says Northern Irish parties running out of time to save devolution,1,15454,
Zimbabwe court grants bail to U.S. citizen charged with subversion,1,90,
China may grasp climate leadership at U.N. talks with Trump pulling out,1,7951,
"TRUMP OBLITERATES “Phony Vietnam Con-Artist” Dem Senator, After He Alleged Trump Campaign Collusion With Russians",0,8159,
New poll shows Philippine president still hugely popular,1,11127,
WATCH: AUSTRALIAN SENATOR Forced To Resign Only Two Days After Video Of Her Breastfeeding While Giving Speech In Parliament Goes Viral,0,20167,
HILLARY SUPPORTER SAYS MURDERS WILL HAPPEN At Anti-Trump Riots: “There Will Be Casualties On Both Sides….People Have To Die To Make A Change…” [VIDEO],0,5589,
Port in Libya's Benghazi reopens after three-year closure due to clashes,1,5226,
"ON THE MOVE: [Video] Iranians, Russians And Syrians Set Up Coordination Cell In Iraq",0,922,
U.S. justices to mull president's power to nominate officials,1,13112,
fed holds on raising rates fears rising dollar,0,1578,
AWESOME! TUCKER CARLSON AND STEPHEN COHEN: “Something’s going on…I’ve never seen anything like this” [Video],0,17406,
SENATORS UP IN ARMS OVER OBAMA ADMINISTRATION PLANS TO MOVE GITMO TO TWO DIFFERENT STATES,0,18889,
Jay Clayton sworn in as chairman of the U.S. SEC,1,1400,
Trump looking at fast ways to quit global climate deal: source,1,23805,
STUNNER: Donald Trump is Next President of United States,0,7355,
"Arabs, Europe, U.N. reject Trump's recognition of Jerusalem as Israeli capital",1,10947,
Russia says Trump's 'aggressive' stance on Iran doomed to fail,1,5822,
U.S. lawmakers target Myanmar military with new sanctions,1,17198,
LOL! ARROGANT OBAMA BEGS Congress To Save Embarrassing Legacy…Do NOT Repeal Obamacare [VIDEO],0,1825,
Germany deports failed Afghan asylum seekers,1,12923,
"Under Trump travel ban, Syrian Christians still see no light",1,22571,
" Poll: Clinton Leads Trump By 10 Points, Obama’s Approval Rating Skyrockets",0,17037,
why so few whistleblowers a former cia agents story,1,6607,
White House sees surge in Syrian refugee admissions this year,1,14504,
 Fmr. DNI James Clapper: Trump’s Russia Scandal Is Worse Than Watergate (VIDEO),0,1156,
OBAMA’S FIRST VISIT TO A U.S. MOSQUE Raises Questions About Its Extremist Ties,0,19440,
"OREGON: Feds Cover-up Foul Play in Finicum Death, Feds’ Shell Casings ‘Have Gone Missing’",0,1813,
Green Party U.S. election recount bid comes to a close,1,995,
 Christian ‘Prophet’ Literally Loses His @ss When He Takes On Wild Lions For Jesus,0,5235,
U.S. House will reject total elimination of state and local tax deductions: Brady,1,4652,
"Trump seen more moderate on criminal justice, law enforcement",1,2844,
Republican Senator John McCain leaves Washington before expected tax vote,1,3752,
"NOT SO FUNNY GUY, WILL FERRELL Throws His Support Behind Cankles…",0,3815,
Guatemalan prosecutors to probe parties over campaign financing,1,9824,
Ruling on Supreme Court Justice Scalia's cause of death may take days: judge,1,11330,
Trump in tax meeting amid fight with Republican senator,1,759,
Ron Paul on Burns Oregon Standoff and Jury Nullification for the Hammond Family,0,11347,
GOWDY ON FIRE! Rips Into Deputy AG Rosenstein: “What in the HELL is going on at the DOJ and FBI?” [Video],0,15974,
Canada to propose helicopters for U.N. Mali mission: sources,1,6143,
 WTF: Trump Is ALREADY Paying Himself For His 2020 Campaign (DETAILS),0,16221,
"Democratic Senator Franken to resign: CNN, citing sources",1,7863,
 WATCH: Girl On Bike Brutally Beaten By Cops And Then SHE Is Charged With Assault,0,8700,
"Facebook, Twitter support Apple on encryption dispute with FBI",1,4645,
Michigan lawmakers approve Detroit school rescue package,1,21595,
POCAHONTAS WARREN Wants GOP’s Scalp…Tells Crowd She’d Like To “Cut Open Republicans” [VIDEO],0,13254,
 Watch A Trump Supporter GO BONKERS Trying To Defend Trump’s Neo-Nazi Tweet (VIDEO),0,2538,
Republicans press U.S.-Russia uranium deal probe despite no wrongdoing findings,1,18406,
"Former DHS Official Mohamed Elibiary On ISIS Slaughtering Christians: ‘What Goes Around, Comes Around’",0,16435,
Canadian teens tried to use Christmas lights for bomb: prosecutor,1,11154,
"Probe of Clinton's email driven by facts, not politics: White House",1,951,
Italy's Berlusconi sent to trial accused of bribing witness: source,1,3840,
 The Resistance Just Gave Trump A Huge F**CK YOU On Election Night,0,71,
JUST IN: WASHINGTON POST Gets DESTROYED When Reporter Admits Truth About How They Cover President Trump In New Undercover Videos,0,2705,
 Republican Bill Would Force Girls To Submit To Genitalia Exam To Use Women’s Restroom,0,17704,
Trump sharpens 'rigged' election allegations disputed by Republican lawyers,1,9580,
"In Brexit poker, clock narrows transition options",1,24047,
WATCH: HILLARY BERATE RAPE VICTIM Over Question About Bill At Town Hall,0,10560,
May's Conservatives win vote to bolster party's numbers on committees,1,21754,
MarkLevin is Freaking Awesome: Obama negotiates with Iran; Iranian general says Israel’s destruction is not negotiable,0,15257,
"37-YR OLD FED PROSECUTOR Working On Illegal Immigration, Visa, Passport Fraud Found Dead With Head Wound In Debbie Wasserman-Schultz District [VIDEO]",0,20499,
Trump administration may change rules that allow terror victims to immigrate to U.S.,1,20573,
Highlights: Hong Kong leader Carrie Lam delivers maiden policy address,1,14625,
 Canada’s Trudeau Throws MAJOR Shade At ‘Grizzly Bear’ Trump; It’s GLORIOUS,0,23838,
"German parties back NATO, want good ties with Russia: document",1,11400,
Pakistan's ex-PM appears in court for trial over finances,1,1566,
 These Two Pictures Tell You Everything You Need To Know About The Difference Between Republicans And Democrats (IMAGES),0,18535,
"[VIDEO] Mooch Will Give Barack Work Out Gear…You Know, So He Can Workout With What? 2 Lb Weights? WATCH FLASHBACK VIDEO",0,9129,
U.S. lawmakers approve FAA extension and hurricane tax relief,1,14362,
SOMETHING WICKED IS HAPPENING With Refugees In Idaho…Why Is The Media HIDING It?,0,2171,
Saudi king says consensus with Russia on broadening relations: news agency,1,17579,
 Twitter Erupts In Brutal Mockery Of Cringe Worthy Trump/Pence Logo,0,9444,
EPA staff told to prepare for Trump executive orders: sources,1,15359,
WOW! MSNBC’S MIKA Won’t Be Too Happy About This Instagram Photo…MAGA!,0,18251,
"Trump praises Saudi purge, voices confidence in King, Crown Prince",1,24084,
"NATO sees growing Russia, China challenge; higher risk of war",1,8676,
CAN YOU GUESS Whose Famous Voice Narrates Trump’s First TV Ad? [Video],0,1281,
FIRST GRADE TEACHER READS TRANSGENDER BOOK TO STUDENTS ABOUT How A Boy Came To The Realization He Was Really A Girl,0,6633,
 Remember When David Letterman Hilariously Destroyed Trump’s China Rhetoric? (VIDEO),0,16126,
Nobel laureate says Trump policies may lead to budget problems,1,1679,
WATCH CLUELESS CLINTON SUPPORTERS Agree With Donald Trump Quotes [Video],0,19818,
 Trump Goes Into Full Denial Mode During Temper Tantrum Over Historically Low Approval Rating,0,21843,
Congress weighs Harvey aid that Trump calls historic,1,18048,
[VIDEO] ‘TRUMPS GIRLS’ HAMMER MSNBC AFTER BEING UNINVITED TO APPEAR ON SHOW: “How Is It They Can Invite Brian Lyin’ Williams Back On MSNBC But Don’t Want To Invite Us”,0,2437,
 ‘Responsible Gun Owner’ Threatens To Shoot Two Men In Bizarre Fight Over Roadkill,0,23747,
" Hillary Clinton Never Put National Security In Danger, But Guess Who Did?",0,13357,
Canada data shows 10 percent of Haitian border crossers get refugee status,1,4206,
 DNC Chair Not Holding Back On GOP: ‘They Don’t Give A Sh*t About People’ (VIDEO),0,7541,
 Trump Sends Lawyers After 17-Year-Old Girl Over Website Where Kittens Scratch Him,0,22021,
Philadelphia prosecutor will not seek reelection after ethics fine,1,10420,
 WATCH: North Carolina Governor Wants To Kill Civil Rights Act To Bring Back Segregation,0,238,
Senators criticize fraud in U.S. low-income phone program,1,19319,
KELLYANNE CONWAY Delivers KNOCK OUT Punch To Smug Jake Tapper At CNN Town Hall Forum [VIDEO],0,2018,
" Hannity Defends Trump With Psychotic Threat To Morning Joe, This Could Ruin Him (TWEET)",0,3178,
U.S. guidance on school restroom choice opposed by some states,1,6479,
"Lebanon's Hariri lands in Cyprus, meets its president- Hariri Twitter feed",1,15049,
"Manafort not a flight risk, lawyers say in court filing",1,6949,
Trump's nominee for Fed says banking rules need 'refinements',1,8805,
House speaker: House ethics watchdog will remain independent,1,22364,
U.S. lawmaker: Sony breach may have inspired Russian election hacking,1,18118,
Senate tax chief says scope for tax cuts still unclear,1,15271,
France's Macron trades barbs for diplomacy with Trump,1,2038,
only love can defeat the new world order,0,20014,
Russian long-range bombers strike Islamic State targets in Syria,1,12822,
"ANOTHER SOLDIER IN OBAMA’S RACE WAR: 4 White People SHOT In TN Ambush, Including A Cop, One KILLED…Cowardly Thug Reportedly “Upset” Over Black Shooting Deaths By Cops",0,8165,
Zimbabwe's Mugabe calls for cabinet meeting on Tuesday,1,12176,
 GOP Rep. Wants A $30k A Year Housing Allowance; Twitter RIPS Him A New One,0,1042,
"BREAKING: LEFTISTS CAUGHT On UNDERCOVER VIDEO Planning Acts Of Violence, Terrorism At Trump Inauguration…”If you try to shut us down, we will go to your house and burn it!”",0,19516,
"WATCH: CONSERVATIVE SOCIAL MEDIA GIANT Announces, “I’M DONE!” After Facebook Banned Him For Video He Posted 18 Months Ago, YouTube Takes Away Earnings For Criticizing Islam",0,1426,
Congrats To Nasty Little Globalist And Bilderberg Member Macron For His Amazing “Outsider” Triumph,0,15472,
(VIDEO) NAVAJO NATION HAS A MESSAGE FOR SENATOR JOHN MCCAIN AS HE’S CHASED AWAY: “GET OFF OUR LAND!”,0,22807,
Trump opponents urge U.S. Supreme Court to rule on travel ban,1,17508,
GERMANY: Father And Sons Stab 20 Yr Old Syrian Daughter To Death On Mother’s Orders…Considered “Unclean” After She Was Gang Raped [Video],0,1357,
"Russian military chief criticizes U.S., Japan and South Korea drills",1,12762,
German parties in coalition talks agree to stick to balanced budget,1,93,
"Guinean forces kill one, wound several in bauxite mining town riot",1,3106,
Myanmar's Suu Kyi says trust has been eroded between Rakhine state communities,1,12164,
"Chechen leader, amid reshuffles, says ready to die for Putin",1,6422,
Netanyahu to meet Clinton and Trump during U.S. visit: sources,1,15256,
Trump says confident Congress will solve Dreamers issue: Mexico,1,16607,
"Bus plunges into river in Nepal, killing at least 31",1,4280,
BREAKING: CLINTON AIDE HUMA ABEDIN Dumps Sexting Husband Anthony Weiner After Disgusting Photos Exposed,0,6541,
Majority of U.S. Senate backs disaster aid bill,1,8932,
Congress votes to call on Trump to denounce hate groups,1,19756,
House committee seeks testimony from 'Pharma Bro' Shkreli,1,13229,
Playing with fire: tens of thousands refuse to leave Bali volcano homes,1,6894,
Russia's Lavrov says allegations of meddling in Catalonia hysteria: Ifax,1,21536,
racist sign calls for lynching black people to prevent them from getting equal rights,1,17133,
Qatari emir to attend Gulf summit despite row: foreign minister,1,19812,
Police arrest Japanese man after body parts found in apartment,1,23791,
" Can’t Afford Clean Water For Flint, But Israel Demands $50 Billion From U.S. Taxpayers (VIDEO)",0,16475,
Trump says he plans tax reform announcement on Wednesday,1,16949,
U.S.-backed forces in final push against Islamic State Raqqa,1,21266,
"Internet firms shift stance, move to exile white supremacists",1,24111,
"Manila to focus on terrorism at Southeast Asian summit, urge greater cooperation",1,13937,
 WATCH: Trump Declares Himself One Of The Best Presidents In History With Historic Low Approval Rating,0,11551,
 Roy Moore Supporting Republican LOSES It After Being Called An Extremist,0,9677,
Russian hopes of thaw with Trump dented after his top security adviser quits,1,3177,
China jails 21 people for 2015 nursing home fire: Xinhua,1,9300,
SHE’S B-A-A-A-CKKKK!! Hillary Makes Crazy Video Calling Leftist Troops To Join Radicals In FIGHT Against Trump…”Keep Fighting!” [VIDEO],0,12274,
Muslim holds ancient key to Jesus tomb site in Jerusalem,1,8254,
Spain urges Catalonia secessionists to obey Madrid,1,8757,
britain joins biggest european military buildup since cold war,0,12127,
 Cruz Campaign Donates Water To Flint–But Only To People Who Qualify For Their ‘Generosity’,0,21192,
 BREAKING: Mexico Stands Strong AGAINST Trump’s Wall; Delivers BRUTAL Remarks,0,4789,
Temporary U.S. government funding bill hits snag in Senate,1,3034,
"Merkel critical of U.S. immigration ban, spokesman tells Spiegel",1,5489,
U.S. decision on Jerusalem is destabilizing Middle East: Russia's Putin,1,11385,
"Mattis praises China's efforts on North Korea, dials up pressure on South China Sea",1,21904,
Northern Irish DUP says will not accept divergence between North Ireland and rest of UK,1,19031,
U.S. net neutrality advocates blast Pai effort to reverse rules,1,14915,
U.S. business wary of skin-deep results from Trump-Xi trade talks,1,3947,
Clinton cancels California trip after pneumonia: aide,1,19079,
Catalan separatists march in Brussels,1,22333,
UK publisher rejected request to block academic articles in China,1,14926,
Senator says Russian internet trolls stoked NFL debate,1,12324,
Israel willing to resort to military action to stop Iran acquiring nuclear weapons: minister,1,5440,
Senator Tim Kaine an online favorite to run with Clinton,1,12212,
U.S. lobbyist Tony Podesta leaves firm amid  Manafort probe,1,15362,
Saudi trains first women air traffic controllers,1,6391,
 Andrea Mitchell SLAMS Donald Trump For Being A Complete Idiot On Foreign Policy (VIDEO),0,22041,
LIBERAL AMERICAN STUDENT Gets Brutal Lesson In American Exceptionalism By Irish Journalist [Video],0,6721,
Ex-California lawmaker to plead guilty in corruption case: prosecutors,1,22891,
"Foreclosure crisis snarls Clinton, Sanders' efforts to reach Nevada voters",1,21941,
" Gizmodo Tricks James Comey, Trump Advisers Into Responding To Blatantly Obvious Email Hack Attempt",0,17713,
" THANKS, OBAMA: Gas Prices Have Plummeted To 47 Cents A Gallon In Michigan",0,17142,
life beautiful the ceo of firestone tires surprised a sick child in the hospital and showed her pictures of the  tires months before their release,0,16886,
China's RYB Education fires head of Beijing kindergarten embroiled in abuse scandal,1,4550,
"U.S. confident Brazil can meet political, economic challenges: White House",1,7895,
Trump on Twitter (August 10): Mitch McConnell,1,8961,
Britain's government to push ahead with plan on specific Brexit date,1,20425,
 Trump Posed With Pastor Who Said Gays Work For The Antichrist (IMAGE),0,17745,
Kremlin says in touch with France over possible Macron visit to Russia,1,22549,
MELANIA TRUMP IN RARE ONE-ON-ONE INTERVIEW: Watch Her DESTROY Leftist MSNBC Hack On Immigration…”I Followed The Law!”,0,5393,
"Three police officers killed, eight injured in shoot-out in Giza: security sources",1,17169,
"Kenya's repeat presidential poll was free, fair: commission",1,20644,
#DNCWalkOut Report: Over 1000 Bernie Sanders Supporters Left #DNC After Hillary Nomination…#FeelTheBern #DemExit [VIDEO],0,5012,
South Korea says delay in joint U.S. drills depends on halt to North Korea provocations,1,2510,
fascinated with sex,1,4875,
"UNHOLY ALLIANCE: Hillary Clinton’s Saudi Sponsors Support Terrorism, Islamist Extremism",0,5616,
Michigan governor asks Obama for federal aid in Flint water crisis,1,17405,
"KARMA: Manufactured Race War Backfires…Missou Loses Top Football Recruit, Says “Their campus is out of control.”",0,24271,
European Parliament wants Britain to end discrimination against EU citizens: draft,1,19001,
 Here’s The Latest Reason Conservatives Are Calling Michelle Obama A N***** (SCREENSHOTS),0,19045,
"Lebanon emerges from crisis with Iran on top, but risks remain",1,22488,
 Here’s How The Bundy Terrorists Left The Malheur Refuge (VIDEO),0,17890,
 Trump Gets His A** Handed To Him For Running Off Stage Because Some Guy Had A Sign,0,9731,
"Trump administration approves tougher visa vetting, including social media checks",1,7121,
video women on the street explain why they hate hillary  daily wire,1,11593,
China urges North Korea to stop persisting on a dangerous course,1,5772,
" WATCH: Fox News Just Sided With President Obama On Gun Control- What Now, NRA? (VIDEO)",0,17907,
Pelosi says she trusts Trump's sincerity on protecting Dreamers,1,14544,
EU's Mogherini says EU-U.S. ties deeper than any change in politics,1,15022,
" Oregon Judge Sticks It To Ammon Bundy, Plans To Charge Him $70,000 A Day For Security Costs",0,13959,
 Top Democrat: I Will Make Comey Answer For Trump’s Wiretapping Allegations,0,4978,
 Trump Can’t Decide Which Lie To Stick To Regarding His Claim That Obama Founded ISIS,0,10086,
WAKE UP CALL! SOMALI WHO EXECUTED Terror Attack In Canada Entered U.S. Via Mexico,0,13237,
WHY DECISION LIBERAL JUDGE IN CONNECTICUT Is About To Make Could Be HUGE Threat To Our SECOND AMENDMENT,0,10060,
WHEN DIVERSITY TRUMPS ALL: Bishop Of London Suggests Vicars Should Reach Out To Muslims By Making This Major Change In Their Appearance,0,9799,
Clinton calls for U.S. ‘intelligence surge’ in wake of Orlando attack,1,18976,
Trump's pick for Navy secretary withdraws,1,24351,
German coalition candidates want 40 percent cut in CO2 emissions by 2020: sources,1,14635,
Russian and Japanese leaders 'decisively condemn' North Korean tests,1,19485,
" Trump Wants More White House Staffers, What He Wants Them To Do Is SHAMEFUL (TWEETS)",0,19078,
Hezbollah leader says U.S. actions aiding Islamic State in Syria,1,22298,
HILLARY LIES AGAIN…She’s NOT The First Female Presidential Nominee …She’s Not Even the First Female COMMUNIST Nominee …Here’s PROOF,0,22585,
U.S. House Republicans exploring border tax design changes: lawmaker,1,23003,
"BOOM! Mother Of Black Son Murdered By Blacks: “I Don’t Preach Black Lives Matter, Because Black Lives Only Matters When Law Enforcement Is Involved” [VIDEO]",0,21217,
Charter schools see opportunity with Republicans in power: lobbying group,1,16749,
 Billionaire GOP Donors REFUSE To Crown King Trump – Their Usual Huge Contribution Is OUT,0,13459,
"DESPERATE TO STOP THE FLOW OF MUSLIM REFUGEES INTO SWEDEN, Swedish Citizens Devise A Controversial Scheme",0,1336,
BLACK CONGRESSMAN Plans To File Lawsuit Because Of Removal Of “POLICE AS PIGS” PAINTING From Capitol Building [Video],0,8663,
"TRUMP Wins Over Democrats and Independents In Akron, Ohio…THIS Is Diversity! [Video]",0,9237,
"Trump, in law and order speech, calls for African-American support",1,22516,
"Trump discusses North Korea threat in calls with China, Japan leaders",1,14491,
 New Poll Has Clinton Beating Trump By Eleven Points – Her Largest Lead Yet,0,12537,
"‘DEAD MUSLIMS’ Cause A Big Stir In A Small Texas Town Of 3,000 [Video]",0,20389,
U.S. House Dems reject Deutsche Bank privacy claim in Trump query,1,9774,
Najib will aim to win over voters in last budget before elections,1,3321,
 ‘Grow The F*ck Up!’: Trump Gets Taken To The Woodshed After Calling For A Government Shutdown,0,20163,
 WATCH: We Found Donald Trump’s Campaign Theme Song (VIDEO),0,5313,
VIRGINIA DMV Issues Vulgar License Plate Bashing President Trump…Recall!,0,16554,
 The Bundy Militia Now Has An ISIS Supporter Handling Their Computer Work (VIDEO),0,3620,
Turkey's Erdogan says will discuss Syrian dialogue congress with Russia's Putin,1,12147,
 Trump Blames Media Conspiracy For Low Numbers In His Latest Unhinged Twitter Rant (TWEETS),0,9185,
U.N. experts urge Hong Kong to uphold rights of democracy activists,1,24210,
Elite Nazi-allied Order From Hungary Claims Trump Adviser Sebastian Gorka Is Sworn Member,0,12145,
"South Korea, U.S., Japan kick off two-day missile tracking drill: South Korea military",1,13869,
Britain will not speculate on possible U.S. withdrawal from Iran deal: PM May's spokesman,1,19384,
[Video] BLACK CHAMBER OF COMMERCE PRESIDENT SAYS OBAMA’S ‘Clean Power Plan’ Will Increase Black Poverty By 23 Percent,0,999,
 Republican Leaders And Activists Plan To Back Third-Party Candidate If Trump Is Nominated,0,2051,
" Trump’s Social Media Man Joins Boss’s Insane, Juvenile Attacks On ‘Morning Joe’ Hosts (TWEETS)",0,22906,
Iraq opposed to U.S. recognition of Jerusalem as Israeli capital,1,4494,
" Less Than Half Of Trump Voters Believe Donald Jr. Met Russian Lawyer, Despite Admitting It",0,18143,
WIFE OF MUSLIM Immigrant Screams: “F*CK AMERICA!” After Husband Is Threatened With Deportation For Major Food Stamp Fraud In NY [VIDEO],0,11824,
Togo must introduce two-term limit swiftly to prevent crisis: U.N.,1,18198,
Indonesians uncover syndicate spreading hate speech online: police,1,3167,
Trump on Hurricane Irma: 'This is some big monster',1,22982,
Anthem to cut back Obamacare plan offerings in California,1,9053,
 Former George W. Bush Speechwriter Epically Blasts Republicans For Supporting Trump,0,12786,
Approval of President Trump drops to lowest since inauguration: Reuters/Ipsos poll,1,6606,
"Putin, Trump agree to defeat IS in Syria: Kremlin",1,340,
 The Winner Of The GOP Debate Is…Bernie Sanders (AGAIN),0,8788,
"Republican Kasich suspends presidential campaign: NBC, Politico",1,16327,
BLACK MUSLIM CHASES And TACKLES Young White Trump Supporter [VIDEO],0,4541,
"U.S. mulls South Sudan pressure, cutting aid may not work: U.N. envoy",1,7352,
" Sanders BLASTS Misogynist ‘Bernie Bro’ Fans: ‘I Don’t Want That Crap, I Don’t Want Them’ (VIDEO)",0,16885,
Executive actions ready to go as Trump prepares to take office,1,21928,
Hezbollah urges Palestinian uprising over Trump's Jerusalem decision,1,3635,
"SHOCKING! EVIDENCE SHOWS WHY OBAMA IS HEART OF VIOLENT #BlackLivesMatter COP KILLING, ANTI-WHITE MOVEMENT",0,15010,
THIRD-RATE ACTOR Who Called His 11-Yr Old Daughter A “Rude Thoughtless Pig” Defends Liberal Pig “ISIS Kathy” Who Attacked Trump’s 11-Year Old Son,0,11075,
LOIS LERNER E-MAIL SNIPPETS REVEAL A BITTER B*TCH: “Lincoln should have let the South go…”,0,16372,
 Trump Whines About How Divided Our Nation Is And Gets SHAMED For Being A Hypocrite,0,1573,
TWITTER CLAIMS They’re Cracking Down On “Hate Speech”…But Allows “I Hope Trump Is Assassinated” To Trend,0,18131,
 WATCH: President Obama’s Dignified Response To Belgium Attacks Puts Republicans To Shame,0,4363,
"Togo security forces clash with protesters in north, boy killed",1,21532,
 Four-Year-Old Dies After Finding Loaded Gun At Friend’s Home (VIDEO),0,6293,
FAKE NEWS WEEK: Electronic Voting – The Big Lie That Just Won’t Die,0,21020,
Kremlin calls updated U.S. sanctions on Russia extremely negative,1,12141,
the globalists behind the rigged us elections,0,22458,
Syrian government envoy: U.S. and Turkish troops should leave Syria,1,11920,
NOT KIDDING! HILLARY’S State Department Blocked Investigation Into Muslim Terrorist’s Florida Mosque Because “It Unfairly Targeted Muslims”,0,19368,
Europe could be next mission for Merkel's 'Mr Fix It',1,1900,
Senior justice official dismisses Republican charges of bias in Trump probe,1,11284,
"Orange County, Texas, to start curfew Saturday after Harvey",1,11381,
Presidential vote runner-up in Kyrgyzstan concedes defeat,1,3732,
Wilbur Ross sworn in as secretary of commerce,1,2675,
BREAKING NEWS: TRUMP ADMIN ANNOUNCES “MASSIVE TAX CUT” For Businesses And Massive Tax Reform [VIDEO],0,22823,
U.S. West Point academy set for first woman dean in two century history,1,4299,
WHY DIDN’T THE FBI Look At Huma Abedin’s Shared Computer The First Time Around?,0,10178,
"After Reuters arrests, some Myanmar reporters fear 'it could've been me'",1,23355,
“They Will Kill Him Before They Let Him Become President”,0,3222,
BREAKING: Photo Of Terrorist Who Threatened To Kill 16 “White Devils” At U of Chicago Is Released,0,10932,
 Sean Spicer HILARIOUSLY Branded As Chickensh*t After He Bolts From Briefing (TWEETS) (VIDEO),0,4284,
umfrage ceta würde enorm an zustimmung gewinnen wenn eu kanadische cannabisstandards übernehmen müsste,0,17362,
"Trump names interim consumer agency head, likely sparking showdown",1,8035,
 Lindsey Graham Says GOP Blocking SCOTUS Nominees Is ‘Going To Be The New Rule’ (VIDEO),0,6294,
UNREAL! OBAMA DEFENDS Black Lives Matter By Race Baiting…Again! [Video],0,22013,
americans preparing for strong possibility of violence on election day,0,24226,
EU awards human rights prize to Venezuelan opposition,1,8505,
"Despite showman reputation, Trump inauguration shaping up as low-key",1,2801,
Pentagon to send about a dozen Guantanamo inmates to other countries soon,1,14871,
France's Macron says external powers must stop interfering in Lebanon,1,19112,
 Senior GOP Senator Says Trump Is Too Stupid To Collude With Russians,0,3088,
Ex-soccer star 'King George' nears goal of Liberia presidency,1,21919,
"Bush takes veiled swipe at Trump, defends immigration and trade",1,3650,
China state media says U.S. trade probe will hurt both countries,1,4417,
House panel wants to know how climate change impacts the military,1,5010,
Trump and Putin shake hands at APEC summit dinner,1,6441,
Putin says will run as independent candidate for new Kremlin term,1,1653,
U.S. attorney general vows to examine Eric Garner case: rights groups,1,1009,
 WATCH: Deranged Trump Fan Interrupts Church Service To Accuse Hillary Of Running A Child Sex Ring,0,1229,
 Trump Just Got Ripped To SHREDS After Blaming Democrats For Russia’s Election Hack (TWEETS),0,14804,
obsolete,0,4857,
THAT AWKWARD MOMENT When The Media Has To Remind You That You’re Not A Muslim [Video],0,6161,
Obama slaps new sanctions on North Korea after tests,1,2704,
Zimbabwe First Lady sues in dispute over $1.35 million ring: state media,1,12065,
UK PM May says believes Northern Irish accord possible; wants more talks,1,851,
China tests new dredger capable of South China Sea projects: state media,1,22174,
what is going on with wikileaks,0,8665,
"Kremlin says ready to mediate North Korea-U.S. talks, if both sides willing",1,6009,
BREAKING: Trump Reportedly Considering Replacing Reince Priebus,0,22052,
FUTURE SNOWFLAKE ALERT! Little Girl Gets Birthday Wish: A Poop-Themed Birthday Party,0,18663,
Trump reaches out to lawmakers on healthcare as another says 'no',1,12600,
American McCarthyism: Neocon Warhawks’ Plan to Kill Antiwar Dissent in Media,0,917,
 NC Governor Just Slapped The LGBT Community Even Harder With This Horrific Executive Order,0,14762,
 WATCH: Kellyanne Conway Pathetically Begs People To Buy Ivanka Trump’s Products On Fox News,0,20817,
 CNN Host SLAMS Cruz Campaign For Making Up Absolute Bullsh*t And Bashing Network (VIDEO),0,21008,
WATCH: TREY GOWDY FURIOUS OVER LAWLESS Loretta Lynch During Clinton Email Hearing: “It was a total WASTE of time…The facts are embarrassing for her presidential candidate [Hillary]”,0,24331,
 Trump Loses Support Of Police Union After Saying Tulsa Shooting Cop ‘Choked’ (VIDEO),0,10114,
State crackdown fuels independence push in Anglophone Cameroon,1,18599,
 SHAME: Desperate Rubio Repeatedly Tries To Pin ALL Blame For 9/11 On Clinton (VIDEO),0,23518,
HILLARY THROWS HER WEALTH AND STATUS Into The Faces Of Hard Working Americans,0,1187,
 Bill Maher Shows America Why Donald Trump Must NOT Be President (VIDEO),0,15576,
PRESIDENT TRUMP Calls Out Media For Ignoring Pro-Life March: “They say the press doesn’t cover them” [Video],0,18343,
"Uzbek dissident released from jail, still faces charges",1,21511,
White House expects Congress to waive spending cuts triggered by tax overhaul,1,13535,
U.S. visas to six Muslim nations drop after Supreme Court backs travel ban,1,6560,
Trump rally makes stock options great again for some CEOs,1,11050,
 Republican Mailer Threatens To Out Voters To Neighbors If They Vote Democrat,0,9884,
Tunisian navy rescues 78 migrants off coast,1,6189,
"Factbox: Who are Britain First, whose leader's posts Trump re-tweeted?",1,9080,
Democrats protest Senate Republican healthcare secrecy,1,18117,
WATCH: TRUMP YARD SIGN VANDALS Get Big Surprise When Homeowner Pulls Gun On Them,0,23935,
Puerto Rico debt bill gains backers in U.S. Senate; close vote seen,1,12550,
 Inauguration Protesters Could Face Decades In Prison; This Is War Against The First Amendment,0,14007,
 It Took A Scathing Letter From Canada’s Prime Minister To Make Fox News FINALLY Correct Fake Story,0,15829,
 Trump Insists His Muslim Ban Has Been ‘Going Smoothly’ (VIDEO),0,9290,
"Defying Trump, California lawmakers vote to become 'sanctuary state'",1,21236,
“MAXINE WATERS IN A GLITTERY COWBOY HAT” Goes To War With Trump Over Words Said To Grieving Widow,0,1014,
 LISTEN: Dispatch Audio Reveals Cop Who Killed Philando Castile CLEARLY Racially Profiled,0,14510,
China sales vroom in 2016 for global automakers; dull 2017 looms,1,14616,
Obama says he will stay in Washington after he leaves White House: USA Today,1,1456,
 WATCH: Bill Maher Doesn’t Believe Five Women Could Possibly Want To Have Sex With Ted Cruz,0,23719,
Shkreli takes the Fifth for Senate committee on drug pricing,1,19044,
 Concerned Adult Literally Pays Young Black Kids To Play Inside So Cops Don’t Shoot Them (VIDEO),0,11676,
Mob boss and mass murderer Riina dies of natural causes,1,18716,
 Top Intelligence Committee Member: ‘No Evidence’ To Back Up Trump’s Bogus Wiretap Claims,0,24296,
 Trump Just Got WRECKED By Chelsea Clinton Over His Dumbass Slavery Remarks (TWEETS/VIDEO),0,13380,
" Trump Viciously Attacks Reporter For Cornering Him, Denies Telling Comey To Leave Flynn Alone (VIDEO)",0,16891,
media shame  these  journalists are now presstitutes their madam is hillary clinton,0,24282,
U.S. citizen recaptured after Bali jail break,1,20549,
 Wikileaks Admits To Screwing Up IMMENSELY With Twitter Poll On Hillary’s Health,0,4810,
Venezuela VP makes clearest indication yet that Maduro will run in 2018,1,8840,
BUILD THE WALL! House Voted on Funding Trump’s Wall in Partisan Vote,0,10053,
 Electors Will NOT Be Given Intelligence Briefing Before They Cast Their Votes,0,13663,
Rebels kill 15 peacekeepers in Congo in worst attack on U.N. in recent history,1,5746,
 Disgrace: Ted Cruz Using Anti-American Propaganda In Campaign Ad (VIDEO),0,23039,
 Mark Hamill Has The BEST Response To Trump’s Sexist Attack On Mika Brzezinski,0,19135,
"Lebanese patriarch, in Saudi, says supports reasons Hariri quit",1,243,
The battle for minds: Britain expands project on mental health in terrorism,1,17735,
DESPERATION OR STUPIDITY? GERMAN State Recruits REFUGEES With No Passports For Police Officer Jobs,0,15940,
BREAKING #MayDay : Journalist Attacked For Asking May Day Protesters Why They’re Carrying North Korean Flag [Video],0,3139,
U.S. sentencing reform backers cite success at state level,1,16694,
North Carolina lawmakers reach deal to repeal transgender bathroom law,1,1408,
OBAMA PLAYS THE VICTIM CARD AGAIN: BALTIMORE RIOTERS “STRIPPED A,0,18587,
Swiss government urges voters to reject call for national ban on face veils,1,8163,
 ‘God Is Gay’: SNL Destroys ‘Religious Freedom’ Laws In HILARIOUS Mock Film Promo (VIDEO),0,14534,
Post-election conundrum awaits Germany's Merkel,1,20004,
Trump attacks civil rights leader who questioned his election win,1,1158,
BREAKING NEWS: REINCE PRIEBUS GONE! Trump Tweets Replacement,0,10948,
Zimbabwe accuses American citizen of trying to overthrow government: lawyer,1,23068,
"WAS KILLER OF FEMALE NYPD Officer, HILLARY Supporter Inspired By Democrat Leaders, Black Lives Matter Anti-Cop Rhetoric?",0,20054,
EU Parliament chief asks Poland to ensure MEPs' safety after far-right protest,1,24348,
 The Anne Frank Center Just TORCHED Trump For Pathetic And Late Condemnation Of Anti-Semitism,0,10273,
Oops! BILL CLINTON SAYS Hillary Has Had Other “Episodes”…CBS Edits Out To Cover For Hillary!,0,3145,
Atlantic City mayor terms N.J. takeover plan 'fascist dictatorship',1,9244,
White House: Castro's death will not likely slow U.S. efforts toward Cuba,1,6415,
Republican Senator Heller opposes healthcare bill: MSNBC,1,11390,
Ousted Michigan lawmakers face felony charges for affair cover-up,1,10040,
Obama bans solitary confinement for juveniles in federal prisons,1,14621,
"U.S. Senate's Reid, in last round, jabs outside money in Nevada succession fight",1,15216,
BLACK LIVES MATTER TERRORIST: Asks ‘Allah’ To Help Her Not ‘Kill Men And White Folks’,0,23417,
Gbagbo allies behind attacks in Ivory Coast: interior minister,1,20379,
Japan's Abe says time for talk is over on North Korea,1,2809,
